#-----------------------------------------------------------
# Vivado v2022.2 (64-bit)
# SW Build 3671981 on Fri Oct 14 05:00:03 MDT 2022
# IP Build 3669848 on Fri Oct 14 08:30:02 MDT 2022
# Start of session at: Wed May  6 19:23:32 2026
# Process ID: 16984
# Current directory: C:/Users/THUAN/Downloads/project_1
# Command line: vivado.exe -gui_launcher_event rodinguilauncherevent3056 C:\Users\THUAN\Downloads\project_1\project_1.xpr
# Log file: C:/Users/THUAN/Downloads/project_1/vivado.log
# Journal file: C:/Users/THUAN/Downloads/project_1\vivado.jou
# Running On: MSI, OS: Windows, CPU Frequency: 2688 MHz, CPU Physical cores: 10, Host memory: 8276 MB
#-----------------------------------------------------------
start_gui
open_project C:/Users/THUAN/Downloads/project_1/project_1.xpr
WARNING: [Board 49-26] cannot add Board Part xilinx.com:kc705:part0:1.6 available at D:/Apps/Xilinx/Vivado/2022.2/data/xhub/boards/XilinxBoardStore/boards/Xilinx/kc705/1.6/board.xml as part xc7k325tffg900-2 specified in board_part file is either invalid or not available
WARNING: [Board 49-26] cannot add Board Part xilinx.com:kcu105:part0:1.6 available at D:/Apps/Xilinx/Vivado/2022.2/data/xhub/boards/XilinxBoardStore/boards/Xilinx/kcu105/1.6/board.xml as part xcku040-ffva1156-2-e specified in board_part file is either invalid or not available
WARNING: [Board 49-26] cannot add Board Part xilinx.com:kcu105:part0:1.7 available at D:/Apps/Xilinx/Vivado/2022.2/data/xhub/boards/XilinxBoardStore/boards/Xilinx/kcu105/1.7/board.xml as part xcku040-ffva1156-2-e specified in board_part file is either invalid or not available
WARNING: [Board 49-26] cannot add Board Part xilinx.com:kcu1500:part0:1.2 available at D:/Apps/Xilinx/Vivado/2022.2/data/xhub/boards/XilinxBoardStore/boards/Xilinx/kcu1500/1.2/board.xml as part xcku115-flvb2104-2-e specified in board_part file is either invalid or not available
WARNING: [Board 49-26] cannot add Board Part xilinx.com:vc707:part0:1.4 available at D:/Apps/Xilinx/Vivado/2022.2/data/xhub/boards/XilinxBoardStore/boards/Xilinx/vc707/1.4/board.xml as part xc7vx485tffg1761-2 specified in board_part file is either invalid or not available
WARNING: [Board 49-26] cannot add Board Part xilinx.com:vc709:part0:1.8 available at D:/Apps/Xilinx/Vivado/2022.2/data/xhub/boards/XilinxBoardStore/boards/Xilinx/vc709/1.8/board.xml as part xc7vx690tffg1761-2 specified in board_part file is either invalid or not available
WARNING: [Board 49-26] cannot add Board Part xilinx.com:vck190:part0:2.2 available at D:/Apps/Xilinx/Vivado/2022.2/data/xhub/boards/XilinxBoardStore/boards/Xilinx/vck190/production/2.2/board.xml as part xcvc1902-vsva2197-2mp-e-s specified in board_part file is either invalid or not available
WARNING: [Board 49-26] cannot add Board Part xilinx.com:vck190:part0:3.0 available at D:/Apps/Xilinx/Vivado/2022.2/data/xhub/boards/XilinxBoardStore/boards/Xilinx/vck190/production/3.0/board.xml as part xcvc1902-vsva2197-2mp-e-s specified in board_part file is either invalid or not available
WARNING: [Board 49-26] cannot add Board Part xilinx.com:vck190:part0:3.1 available at D:/Apps/Xilinx/Vivado/2022.2/data/xhub/boards/XilinxBoardStore/boards/Xilinx/vck190/production/3.1/board.xml as part xcvc1902-vsva2197-2mp-e-s specified in board_part file is either invalid or not available
WARNING: [Board 49-26] cannot add Board Part xilinx.com:vck190_newl:part0:1.0 available at D:/Apps/Xilinx/Vivado/2022.2/data/xhub/boards/XilinxBoardStore/boards/Xilinx/vck190_newl/production/1.0/board.xml as part xcvc1902-vsva2197-2mp-e-s specified in board_part file is either invalid or not available
WARNING: [Board 49-26] cannot add Board Part xilinx.com:vcu108:part0:1.6 available at D:/Apps/Xilinx/Vivado/2022.2/data/xhub/boards/XilinxBoardStore/boards/Xilinx/vcu108/1.6/board.xml as part xcvu095-ffva2104-2-e specified in board_part file is either invalid or not available
WARNING: [Board 49-26] cannot add Board Part xilinx.com:vcu108:part0:1.7 available at D:/Apps/Xilinx/Vivado/2022.2/data/xhub/boards/XilinxBoardStore/boards/Xilinx/vcu108/1.7/board.xml as part xcvu095-ffva2104-2-e specified in board_part file is either invalid or not available
WARNING: [Board 49-26] cannot add Board Part xilinx.com:vcu110:part0:1.4 available at D:/Apps/Xilinx/Vivado/2022.2/data/xhub/boards/XilinxBoardStore/boards/Xilinx/vcu110/1.4/board.xml as part xcvu190-flgc2104-2-e specified in board_part file is either invalid or not available
WARNING: [Board 49-26] cannot add Board Part xilinx.com:vcu118:part0:2.0 available at D:/Apps/Xilinx/Vivado/2022.2/data/xhub/boards/XilinxBoardStore/boards/Xilinx/vcu118/2.0/board.xml as part xcvu9p-flga2104-2l-e specified in board_part file is either invalid or not available
WARNING: [Board 49-26] cannot add Board Part xilinx.com:vcu118:part0:2.3 available at D:/Apps/Xilinx/Vivado/2022.2/data/xhub/boards/XilinxBoardStore/boards/Xilinx/vcu118/2.3/board.xml as part xcvu9p-flga2104-2l-e specified in board_part file is either invalid or not available
WARNING: [Board 49-26] cannot add Board Part xilinx.com:vcu118:part0:2.4 available at D:/Apps/Xilinx/Vivado/2022.2/data/xhub/boards/XilinxBoardStore/boards/Xilinx/vcu118/2.4/board.xml as part xcvu9p-flga2104-2l-e specified in board_part file is either invalid or not available
WARNING: [Board 49-26] cannot add Board Part xilinx.com:vcu128:part0:1.0 available at D:/Apps/Xilinx/Vivado/2022.2/data/xhub/boards/XilinxBoardStore/boards/Xilinx/vcu128/production/1.0/board.xml as part xcvu37p-fsvh2892-2l-e specified in board_part file is either invalid or not available
WARNING: [Board 49-26] cannot add Board Part xilinx.com:vcu129:part0:1.0 available at D:/Apps/Xilinx/Vivado/2022.2/data/xhub/boards/XilinxBoardStore/boards/Xilinx/vcu129/production/1.0/board.xml as part xcvu29p-fsga2577-2l-e specified in board_part file is either invalid or not available
WARNING: [Board 49-26] cannot add Board Part xilinx.com:vcu1525:part0:1.3 available at D:/Apps/Xilinx/Vivado/2022.2/data/xhub/boards/XilinxBoardStore/boards/Xilinx/vcu1525/1.3/board.xml as part xcvu9p-fsgd2104-2l-e specified in board_part file is either invalid or not available
WARNING: [Board 49-26] cannot add Board Part xilinx.com:vek280_es:part0:1.0 available at D:/Apps/Xilinx/Vivado/2022.2/data/xhub/boards/XilinxBoardStore/boards/Xilinx/vek280/es/1.0/board.xml as part xcve2802-vsvh1760-2lp-e-s-es1 specified in board_part file is either invalid or not available
WARNING: [Board 49-26] cannot add Board Part xilinx.com:vermeo_t1_mpsoc:part0:1.0 available at D:/Apps/Xilinx/Vivado/2022.2/data/xhub/boards/XilinxBoardStore/boards/Xilinx/vermeo_t1_mpsoc/1.0/board.xml as part xczu19eg-ffvd1760-2l-e specified in board_part file is either invalid or not available
WARNING: [Board 49-26] cannot add Board Part xilinx.com:vermeo_t1_rfsoc:part0:1.0 available at D:/Apps/Xilinx/Vivado/2022.2/data/xhub/boards/XilinxBoardStore/boards/Xilinx/vermeo_t1_rfsoc/1.0/board.xml as part xczu21dr-ffvd1156-2l-e specified in board_part file is either invalid or not available
WARNING: [Board 49-26] cannot add Board Part xilinx.com:vhk158_es:part0:1.0 available at D:/Apps/Xilinx/Vivado/2022.2/data/xhub/boards/XilinxBoardStore/boards/Xilinx/vhk158/es/1.0/board.xml as part xcvh1582-vsva3697-2mp-e-s-es1 specified in board_part file is either invalid or not available
WARNING: [Board 49-26] cannot add Board Part xilinx.com:vmk180:part0:2.2 available at D:/Apps/Xilinx/Vivado/2022.2/data/xhub/boards/XilinxBoardStore/boards/Xilinx/vmk180/production/2.2/board.xml as part xcvm1802-vsva2197-2mp-e-s specified in board_part file is either invalid or not available
WARNING: [Board 49-26] cannot add Board Part xilinx.com:vmk180:part0:3.0 available at D:/Apps/Xilinx/Vivado/2022.2/data/xhub/boards/XilinxBoardStore/boards/Xilinx/vmk180/production/3.0/board.xml as part xcvm1802-vsva2197-2mp-e-s specified in board_part file is either invalid or not available
WARNING: [Board 49-26] cannot add Board Part xilinx.com:vmk180:part0:3.1 available at D:/Apps/Xilinx/Vivado/2022.2/data/xhub/boards/XilinxBoardStore/boards/Xilinx/vmk180/production/3.1/board.xml as part xcvm1802-vsva2197-2mp-e-s specified in board_part file is either invalid or not available
WARNING: [Board 49-26] cannot add Board Part xilinx.com:vmk180_newl:part0:1.0 available at D:/Apps/Xilinx/Vivado/2022.2/data/xhub/boards/XilinxBoardStore/boards/Xilinx/vmk180_newl/production/1.0/board.xml as part xcvm1802-vsva2197-2mp-e-s specified in board_part file is either invalid or not available
WARNING: [Board 49-26] cannot add Board Part xilinx.com:vpk120:part0:1.0 available at D:/Apps/Xilinx/Vivado/2022.2/data/xhub/boards/XilinxBoardStore/boards/Xilinx/vpk120/production/1.0/board.xml as part xcvp1202-vsva2785-2mp-e-s specified in board_part file is either invalid or not available
WARNING: [Board 49-26] cannot add Board Part xilinx.com:vpk120_es:part0:1.2 available at D:/Apps/Xilinx/Vivado/2022.2/data/xhub/boards/XilinxBoardStore/boards/Xilinx/vpk120/es/1.2/board.xml as part xcvp1202-vsva2785-2mp-e-s-es1 specified in board_part file is either invalid or not available
WARNING: [Board 49-26] cannot add Board Part xilinx.com:vpk120_es_revb:part0:1.0 available at D:/Apps/Xilinx/Vivado/2022.2/data/xhub/boards/XilinxBoardStore/boards/Xilinx/vpk120_revb/es/1.0/board.xml as part xcvp1202-vsva2785-2mp-e-s-es1 specified in board_part file is either invalid or not available
WARNING: [Board 49-26] cannot add Board Part xilinx.com:vpk180_es:part0:1.0 available at D:/Apps/Xilinx/Vivado/2022.2/data/xhub/boards/XilinxBoardStore/boards/Xilinx/vpk180/es/1.0/board.xml as part xcvp1802-lsvc4072-2mp-e-s-es1 specified in board_part file is either invalid or not available
WARNING: [Board 49-26] cannot add Board Part xilinx.com:zc706:part0:1.4 available at D:/Apps/Xilinx/Vivado/2022.2/data/xhub/boards/XilinxBoardStore/boards/Xilinx/zc706/1.4/board.xml as part xc7z045ffg900-2 specified in board_part file is either invalid or not available
WARNING: [Board 49-26] cannot add Board Part xilinx.com:zcu102:part0:3.3 available at D:/Apps/Xilinx/Vivado/2022.2/data/xhub/boards/XilinxBoardStore/boards/Xilinx/zcu102/3.3/board.xml as part xczu9eg-ffvb1156-2-e specified in board_part file is either invalid or not available
WARNING: [Board 49-26] cannot add Board Part xilinx.com:zcu102:part0:3.4 available at D:/Apps/Xilinx/Vivado/2022.2/data/xhub/boards/XilinxBoardStore/boards/Xilinx/zcu102/3.4/board.xml as part xczu9eg-ffvb1156-2-e specified in board_part file is either invalid or not available
WARNING: [Board 49-26] cannot add Board Part xilinx.com:zcu111:part0:1.2 available at D:/Apps/Xilinx/Vivado/2022.2/data/xhub/boards/XilinxBoardStore/boards/Xilinx/zcu111/1.2/board.xml as part xczu28dr-ffvg1517-2-e specified in board_part file is either invalid or not available
WARNING: [Board 49-26] cannot add Board Part xilinx.com:zcu111:part0:1.3 available at D:/Apps/Xilinx/Vivado/2022.2/data/xhub/boards/XilinxBoardStore/boards/Xilinx/zcu111/1.3/board.xml as part xczu28dr-ffvg1517-2-e specified in board_part file is either invalid or not available
WARNING: [Board 49-26] cannot add Board Part xilinx.com:zcu111:part0:1.4 available at D:/Apps/Xilinx/Vivado/2022.2/data/xhub/boards/XilinxBoardStore/boards/Xilinx/zcu111/1.4/board.xml as part xczu28dr-ffvg1517-2-e specified in board_part file is either invalid or not available
WARNING: [Board 49-26] cannot add Board Part xilinx.com:zcu1275:part0:1.0 available at D:/Apps/Xilinx/Vivado/2022.2/data/xhub/boards/XilinxBoardStore/boards/Xilinx/zcu1275/1.0/board.xml as part xczu29dr-ffvf1760-2-e specified in board_part file is either invalid or not available
WARNING: [Board 49-26] cannot add Board Part xilinx.com:zcu1285:part0:1.0 available at D:/Apps/Xilinx/Vivado/2022.2/data/xhub/boards/XilinxBoardStore/boards/Xilinx/zcu1285/1.0/board.xml as part xczu39dr-ffvf1760-2-i specified in board_part file is either invalid or not available
WARNING: [Board 49-26] cannot add Board Part xilinx.com:zcu208:part0:2.0 available at D:/Apps/Xilinx/Vivado/2022.2/data/xhub/boards/XilinxBoardStore/boards/Xilinx/zcu208/production/2.0/board.xml as part xczu48dr-fsvg1517-2-e specified in board_part file is either invalid or not available
WARNING: [Board 49-26] cannot add Board Part xilinx.com:zcu208ld:part0:2.0 available at D:/Apps/Xilinx/Vivado/2022.2/data/xhub/boards/XilinxBoardStore/boards/Xilinx/zcu208ld/production/2.0/board.xml as part xczu58dr-fsvg1517-2-i specified in board_part file is either invalid or not available
WARNING: [Board 49-26] cannot add Board Part xilinx.com:zcu216:part0:2.0 available at D:/Apps/Xilinx/Vivado/2022.2/data/xhub/boards/XilinxBoardStore/boards/Xilinx/zcu216/production/2.0/board.xml as part xczu49dr-ffvf1760-2-e specified in board_part file is either invalid or not available
WARNING: [Board 49-26] cannot add Board Part xilinx.com:zcu216ld:part0:2.0 available at D:/Apps/Xilinx/Vivado/2022.2/data/xhub/boards/XilinxBoardStore/boards/Xilinx/zcu216ld/production/2.0/board.xml as part xczu59dr-ffvf1760-2-i specified in board_part file is either invalid or not available
WARNING: [Board 49-26] cannot add Board Part xilinx.com:zcu670:part0:2.0 available at D:/Apps/Xilinx/Vivado/2022.2/data/xhub/boards/XilinxBoardStore/boards/Xilinx/zcu670/2.0/board.xml as part xczu67dr-fsve1156-2-i specified in board_part file is either invalid or not available
WARNING: [Board 49-26] cannot add Board Part xilinx.com:zcu670ld:part0:1.0 available at D:/Apps/Xilinx/Vivado/2022.2/data/xhub/boards/XilinxBoardStore/boards/Xilinx/zcu670ld/1.0/board.xml as part xczu57dr-fsve1156-2-i specified in board_part file is either invalid or not available
INFO: [Project 1-313] Project file moved from 'C:/Users/THUAN/OneDrive/Desktop/project_1' since last save.
INFO: [filemgmt 56-3] Default IP Output Path : Could not find the directory 'C:/Users/THUAN/Downloads/project_1/project_1.gen/sources_1'.
Scanning sources...
Finished scanning sources
INFO: [IP_Flow 19-234] Refreshing IP repositories
INFO: [IP_Flow 19-1704] No user IP repositories specified
INFO: [IP_Flow 19-2313] Loaded Vivado IP repository 'D:/Apps/Xilinx/Vivado/2022.2/data/ip'.
open_project: Time (s): cpu = 00:00:17 ; elapsed = 00:00:09 . Memory (MB): peak = 1159.215 ; gain = 253.664
update_compile_order -fileset sources_1
launch_simulation
Command: launch_simulation 
INFO: [Vivado 12-12493] Simulation top is 'keygen_tb'
WARNING: [Vivado 12-13340] Unable to auto find GCC executables from simulator install path! (path not set)
WARNING: [Vivado 12-13277] Compiled library path does not exist: ''
INFO: [Vivado 12-5682] Launching behavioral simulation in 'C:/Users/THUAN/Downloads/project_1/project_1.sim/sim_1/behav/xsim'
INFO: [SIM-utils-51] Simulation object is 'sim_1'
INFO: [SIM-utils-72] Using boost library from 'D:/Apps/Xilinx/Vivado/2022.2/tps/boost_1_72_0'
INFO: [SIM-utils-54] Inspecting design source files for 'keygen_tb' in fileset 'sim_1'...
INFO: [SIM-utils-43] Exported 'C:/Users/THUAN/Downloads/project_1/project_1.sim/sim_1/behav/xsim/barrett_hqc_192.mem'
INFO: [SIM-utils-43] Exported 'C:/Users/THUAN/Downloads/project_1/project_1.sim/sim_1/behav/xsim/barrett_hqc_128.mem'
INFO: [SIM-utils-43] Exported 'C:/Users/THUAN/Downloads/project_1/project_1.sim/sim_1/behav/xsim/barrett_hqc_256.mem'
INFO: [USF-XSim-97] Finding global include files...
INFO: [USF-XSim-98] Fetching design files from 'sim_1'...
INFO: [USF-XSim-2] XSim::Compile design
INFO: [USF-XSim-61] Executing 'COMPILE and ANALYZE' step in 'C:/Users/THUAN/Downloads/project_1/project_1.sim/sim_1/behav/xsim'
"xvlog --incr --relax -prj keygen_tb_vlog.prj"
INFO: [VRFC 10-2263] Analyzing Verilog file "C:/Users/THUAN/Downloads/new/HQC_wrapper.v" into library xil_defaultlib
INFO: [VRFC 10-311] analyzing module HQC_wrapper
INFO: [VRFC 10-2263] Analyzing Verilog file "C:/Users/THUAN/Downloads/new/add_fft.v" into library xil_defaultlib
INFO: [VRFC 10-311] analyzing module add_fft
INFO: [VRFC 10-2263] Analyzing Verilog file "C:/Users/THUAN/Downloads/new/barrett_red_gen.v" into library xil_defaultlib
INFO: [VRFC 10-311] analyzing module barrett_red_gen
INFO: [VRFC 10-2263] Analyzing Verilog file "C:/Users/THUAN/Downloads/new/cdw_xor_tmp.v" into library xil_defaultlib
INFO: [VRFC 10-311] analyzing module cdw_xor_tmp
INFO: [VRFC 10-2263] Analyzing Verilog file "C:/Users/THUAN/Downloads/new/concat_code.v" into library xil_defaultlib
INFO: [VRFC 10-311] analyzing module concat_code
INFO: [VRFC 10-2263] Analyzing Verilog file "C:/Users/THUAN/Downloads/new/control_path.v" into library xil_defaultlib
INFO: [VRFC 10-311] analyzing module control_path
INFO: [VRFC 10-2263] Analyzing Verilog file "C:/Users/THUAN/Downloads/new/data_path.v" into library xil_defaultlib
INFO: [VRFC 10-311] analyzing module data_path
INFO: [VRFC 10-2263] Analyzing Verilog file "C:/Users/THUAN/Downloads/new/decap.v" into library xil_defaultlib
INFO: [VRFC 10-311] analyzing module decap
INFO: [VRFC 10-2263] Analyzing Verilog file "C:/Users/THUAN/Downloads/new/decrypt.v" into library xil_defaultlib
INFO: [VRFC 10-311] analyzing module decrypt
INFO: [VRFC 10-2263] Analyzing Verilog file "C:/Users/THUAN/Downloads/new/encap.v" into library xil_defaultlib
INFO: [VRFC 10-311] analyzing module encap
INFO: [VRFC 10-2263] Analyzing Verilog file "C:/Users/THUAN/Downloads/new/encrypt.v" into library xil_defaultlib
INFO: [VRFC 10-311] analyzing module encrypt
INFO: [VRFC 10-2263] Analyzing Verilog file "C:/Users/THUAN/Downloads/new/encrypt_parallel.v" into library xil_defaultlib
INFO: [VRFC 10-311] analyzing module encrypt_parallel
INFO: [VRFC 10-2263] Analyzing Verilog file "C:/Users/THUAN/Downloads/new/fft_leaves_butterfly.v" into library xil_defaultlib
INFO: [VRFC 10-311] analyzing module fft_leaves_butterfly
INFO: [VRFC 10-2263] Analyzing Verilog file "C:/Users/THUAN/Downloads/new/fft_part1.v" into library xil_defaultlib
INFO: [VRFC 10-311] analyzing module fft_part1
INFO: [VRFC 10-2263] Analyzing Verilog file "C:/Users/THUAN/Downloads/new/fft_part2.v" into library xil_defaultlib
INFO: [VRFC 10-311] analyzing module fft_part2
INFO: [VRFC 10-311] analyzing module fft_part2_round
INFO: [VRFC 10-2263] Analyzing Verilog file "C:/Users/THUAN/Downloads/new/fft_retrieve_error_poly.v" into library xil_defaultlib
INFO: [VRFC 10-311] analyzing module fft_retrieve_error_poly
INFO: [VRFC 10-2263] Analyzing Verilog file "C:/Users/THUAN/Downloads/new/fixed_weight.v" into library xil_defaultlib
INFO: [VRFC 10-311] analyzing module fixed_weight
INFO: [VRFC 10-2263] Analyzing Verilog file "C:/Users/THUAN/Downloads/new/fixed_weight_ct.v" into library xil_defaultlib
INFO: [VRFC 10-311] analyzing module fixed_weight_ct
INFO: [VRFC 10-2263] Analyzing Verilog file "C:/Users/THUAN/Downloads/new/fixed_weight_cww.v" into library xil_defaultlib
INFO: [VRFC 10-311] analyzing module fixed_weight_cww
INFO: [VRFC 10-2263] Analyzing Verilog file "C:/Users/THUAN/Downloads/new/gf_mul.v" into library xil_defaultlib
INFO: [VRFC 10-311] analyzing module gf_mul
INFO: [VRFC 10-2263] Analyzing Verilog file "C:/Users/THUAN/Downloads/new/gfmul_00.v" into library xil_defaultlib
INFO: [VRFC 10-311] analyzing module gfmul_00
INFO: [VRFC 10-2263] Analyzing Verilog file "C:/Users/THUAN/Downloads/new/gfmul_01.v" into library xil_defaultlib
INFO: [VRFC 10-311] analyzing module gfmul_01
INFO: [VRFC 10-2263] Analyzing Verilog file "C:/Users/THUAN/Downloads/new/hqc_barrett_red.v" into library xil_defaultlib
INFO: [VRFC 10-311] analyzing module hqc_barrett_red
INFO: [VRFC 10-2263] Analyzing Verilog file "C:/Users/THUAN/Downloads/new/hqc_decod_top.v" into library xil_defaultlib
INFO: [VRFC 10-311] analyzing module hqc_decod_top
INFO: [VRFC 10-2263] Analyzing Verilog file "C:/Users/THUAN/Downloads/new/hqc_kem_joint_design.v" into library xil_defaultlib
INFO: [VRFC 10-311] analyzing module hqc_kem_joint_design
INFO: [VRFC 10-2263] Analyzing Verilog file "C:/Users/THUAN/Downloads/new/hqc_rmdecod_ctrl.v" into library xil_defaultlib
INFO: [VRFC 10-311] analyzing module hqc_rmdecod_ctrl
INFO: [VRFC 10-2263] Analyzing Verilog file "C:/Users/THUAN/Downloads/new/hqc_rmdecod_expnsum.v" into library xil_defaultlib
INFO: [VRFC 10-311] analyzing module hqc_rmdecod_expnsum
INFO: [VRFC 10-2263] Analyzing Verilog file "C:/Users/THUAN/Downloads/new/hqc_rmdecod_findpeaks.v" into library xil_defaultlib
INFO: [VRFC 10-311] analyzing module hqc_rmdecod_findpeaks
INFO: [VRFC 10-311] analyzing module findpeaks_core
INFO: [VRFC 10-2263] Analyzing Verilog file "C:/Users/THUAN/Downloads/new/hqc_rmdecod_hadamard.v" into library xil_defaultlib
INFO: [VRFC 10-311] analyzing module hqc_rmdecod_hadamard
INFO: [VRFC 10-311] analyzing module hadamard_layer
INFO: [VRFC 10-2263] Analyzing Verilog file "C:/Users/THUAN/Downloads/new/hqc_rmdecod_top.v" into library xil_defaultlib
INFO: [VRFC 10-311] analyzing module hqc_rmdecod_top
INFO: [VRFC 10-2263] Analyzing Verilog file "C:/Users/THUAN/Downloads/new/hqc_rsdecod_elp.v" into library xil_defaultlib
INFO: [VRFC 10-311] analyzing module hqc_rsdecod_elp
INFO: [VRFC 10-2263] Analyzing Verilog file "C:/Users/THUAN/Downloads/new/hqc_rsdecod_err_val.v" into library xil_defaultlib
INFO: [VRFC 10-311] analyzing module hqc_rsdecod_err_val
INFO: [VRFC 10-2263] Analyzing Verilog file "C:/Users/THUAN/Downloads/new/hqc_rsdecod_roots.v" into library xil_defaultlib
INFO: [VRFC 10-311] analyzing module hqc_rsdecod_roots
INFO: [VRFC 10-2263] Analyzing Verilog file "C:/Users/THUAN/Downloads/new/hqc_rsdecod_syndromes.v" into library xil_defaultlib
INFO: [VRFC 10-311] analyzing module hqc_rsdecod_syndromes
INFO: [VRFC 10-2263] Analyzing Verilog file "C:/Users/THUAN/Downloads/new/hqc_rsdecod_top.v" into library xil_defaultlib
INFO: [VRFC 10-311] analyzing module hqc_rsdecod_top
INFO: [VRFC 10-2263] Analyzing Verilog file "C:/Users/THUAN/Downloads/new/hqc_rsdecod_zpoly.v" into library xil_defaultlib
INFO: [VRFC 10-311] analyzing module hqc_rsdecod_zpoly
INFO: [VRFC 10-2263] Analyzing Verilog file "C:/Users/THUAN/Downloads/new/karatsuba_small.v" into library xil_defaultlib
INFO: [VRFC 10-311] analyzing module karatsuba_small
INFO: [VRFC 10-2263] Analyzing Verilog file "C:/Users/THUAN/Downloads/new/keccak_top.v" into library xil_defaultlib
INFO: [VRFC 10-311] analyzing module keccak_top
INFO: [VRFC 10-2263] Analyzing Verilog file "C:/Users/THUAN/Downloads/new/keygen.v" into library xil_defaultlib
INFO: [VRFC 10-311] analyzing module keygen
INFO: [VRFC 10-2263] Analyzing Verilog file "C:/Users/THUAN/Downloads/new/loc_based_adder.v" into library xil_defaultlib
INFO: [VRFC 10-311] analyzing module loc_based_adder
INFO: [VRFC 10-2263] Analyzing Verilog file "C:/Users/THUAN/Downloads/new/mem_dual.v" into library xil_defaultlib
INFO: [VRFC 10-311] analyzing module mem_dual
INFO: [VRFC 10-2263] Analyzing Verilog file "C:/Users/THUAN/Downloads/new/mem_single.v" into library xil_defaultlib
INFO: [VRFC 10-311] analyzing module mem_single
INFO: [VRFC 10-2263] Analyzing Verilog file "C:/Users/THUAN/Downloads/new/mod34.v" into library xil_defaultlib
INFO: [VRFC 10-311] analyzing module mod34
INFO: [VRFC 10-2263] Analyzing Verilog file "C:/Users/THUAN/Downloads/new/onegen.v" into library xil_defaultlib
INFO: [VRFC 10-311] analyzing module onegen
INFO: [VRFC 10-2263] Analyzing Verilog file "C:/Users/THUAN/Downloads/new/onegen_ct.v" into library xil_defaultlib
INFO: [VRFC 10-311] analyzing module onegen_ct
INFO: [VRFC 10-2263] Analyzing Verilog file "C:/Users/THUAN/Downloads/new/poly_mult.v" into library xil_defaultlib
INFO: [VRFC 10-311] analyzing module poly_mult
INFO: [VRFC 10-2263] Analyzing Verilog file "C:/Users/THUAN/Downloads/new/rc.v" into library xil_defaultlib
INFO: [VRFC 10-311] analyzing module rc
INFO: [VRFC 10-2263] Analyzing Verilog file "C:/Users/THUAN/Downloads/new/reed_muller_encode.v" into library xil_defaultlib
INFO: [VRFC 10-311] analyzing module reed_muller_encode
INFO: [VRFC 10-2263] Analyzing Verilog file "C:/Users/THUAN/Downloads/new/reed_solomon_encode.v" into library xil_defaultlib
INFO: [VRFC 10-311] analyzing module reed_solomon_encode
INFO: [VRFC 10-2263] Analyzing Verilog file "C:/Users/THUAN/Downloads/new/rm_encoder.v" into library xil_defaultlib
INFO: [VRFC 10-311] analyzing module rm_encoder
INFO: [VRFC 10-2263] Analyzing Verilog file "C:/Users/THUAN/Downloads/new/state_ram.v" into library xil_defaultlib
INFO: [VRFC 10-311] analyzing module state_ram
INFO: [VRFC 10-2263] Analyzing Verilog file "C:/Users/THUAN/Downloads/new/stateram_inference.v" into library xil_defaultlib
INFO: [VRFC 10-311] analyzing module stateram_inference
INFO: [VRFC 10-2263] Analyzing Verilog file "C:/Users/THUAN/Downloads/new/syncfifo.v" into library xil_defaultlib
INFO: [VRFC 10-311] analyzing module syncfifo
INFO: [VRFC 10-2263] Analyzing Verilog file "C:/Users/THUAN/Downloads/new/transform.v" into library xil_defaultlib
INFO: [VRFC 10-311] analyzing module transform
INFO: [VRFC 10-2263] Analyzing Verilog file "C:/Users/THUAN/Downloads/new/v_minus_uy.v" into library xil_defaultlib
INFO: [VRFC 10-311] analyzing module v_minus_uy
INFO: [VRFC 10-2263] Analyzing Verilog file "C:/Users/THUAN/Downloads/new/vect_set_random.v" into library xil_defaultlib
INFO: [VRFC 10-311] analyzing module vect_set_random
INFO: [VRFC 10-2263] Analyzing Verilog file "C:/Users/THUAN/Downloads/new/xor_based_adder.v" into library xil_defaultlib
INFO: [VRFC 10-311] analyzing module xor_based_adder
INFO: [VRFC 10-2263] Analyzing Verilog file "C:/Users/THUAN/Downloads/new/keygen_tb.v" into library xil_defaultlib
INFO: [VRFC 10-311] analyzing module keygen_tb
INFO: [VRFC 10-2263] Analyzing Verilog file "C:/Users/THUAN/Downloads/project_1/project_1.sim/sim_1/behav/xsim/glbl.v" into library xil_defaultlib
INFO: [VRFC 10-311] analyzing module glbl
run_program: Time (s): cpu = 00:00:00 ; elapsed = 00:00:06 . Memory (MB): peak = 1173.582 ; gain = 0.000
INFO: [USF-XSim-69] 'compile' step finished in '6' seconds
INFO: [USF-XSim-3] XSim::Elaborate design
INFO: [USF-XSim-61] Executing 'ELABORATE' step in 'C:/Users/THUAN/Downloads/project_1/project_1.sim/sim_1/behav/xsim'
"xelab --incr --debug typical --relax --mt 2 -L xil_defaultlib -L unisims_ver -L unimacro_ver -L secureip --snapshot keygen_tb_behav xil_defaultlib.keygen_tb xil_defaultlib.glbl -log elaborate.log"
Vivado Simulator v2022.2
Copyright 1986-1999, 2001-2022 Xilinx, Inc. All Rights Reserved.
Running: D:/Apps/Xilinx/Vivado/2022.2/bin/unwrapped/win64.o/xelab.exe --incr --debug typical --relax --mt 2 -L xil_defaultlib -L unisims_ver -L unimacro_ver -L secureip --snapshot keygen_tb_behav xil_defaultlib.keygen_tb xil_defaultlib.glbl -log elaborate.log 
Using 2 slave threads.
Starting static elaboration
Pass Through NonSizing Optimizer
ERROR: [VRFC 10-2991] 'POLY_MULT' is not declared under prefix 'KEYGEN_MODULE' [C:/Users/THUAN/Downloads/new/keygen_tb.v:219]
ERROR: [XSIM 43-3322] Static elaboration of top level Verilog design unit(s) in library work failed.
INFO: [USF-XSim-69] 'elaborate' step finished in '2' seconds
INFO: [USF-XSim-99] Step results log file:'C:/Users/THUAN/Downloads/project_1/project_1.sim/sim_1/behav/xsim/elaborate.log'
ERROR: [USF-XSim-62] 'elaborate' step failed with error(s). Please check the Tcl console output or 'C:/Users/THUAN/Downloads/project_1/project_1.sim/sim_1/behav/xsim/elaborate.log' file for more information.
ERROR: [Vivado 12-4473] Detected error while running simulation. Please correct the issue and retry this operation.
launch_simulation: Time (s): cpu = 00:00:01 ; elapsed = 00:00:09 . Memory (MB): peak = 1173.582 ; gain = 0.000
ERROR: [Common 17-39] 'launch_simulation' failed due to earlier errors.
launch_simulation
Command: launch_simulation 
INFO: [Vivado 12-12493] Simulation top is 'keygen_tb'
WARNING: [Vivado 12-13340] Unable to auto find GCC executables from simulator install path! (path not set)
WARNING: [Vivado 12-13277] Compiled library path does not exist: ''
INFO: [Vivado 12-5682] Launching behavioral simulation in 'C:/Users/THUAN/Downloads/project_1/project_1.sim/sim_1/behav/xsim'
INFO: [SIM-utils-51] Simulation object is 'sim_1'
INFO: [SIM-utils-72] Using boost library from 'D:/Apps/Xilinx/Vivado/2022.2/tps/boost_1_72_0'
INFO: [SIM-utils-54] Inspecting design source files for 'keygen_tb' in fileset 'sim_1'...
INFO: [SIM-utils-43] Exported 'C:/Users/THUAN/Downloads/project_1/project_1.sim/sim_1/behav/xsim/barrett_hqc_192.mem'
INFO: [SIM-utils-43] Exported 'C:/Users/THUAN/Downloads/project_1/project_1.sim/sim_1/behav/xsim/barrett_hqc_128.mem'
INFO: [SIM-utils-43] Exported 'C:/Users/THUAN/Downloads/project_1/project_1.sim/sim_1/behav/xsim/barrett_hqc_256.mem'
INFO: [USF-XSim-97] Finding global include files...
INFO: [USF-XSim-98] Fetching design files from 'sim_1'...
INFO: [USF-XSim-2] XSim::Compile design
INFO: [USF-XSim-61] Executing 'COMPILE and ANALYZE' step in 'C:/Users/THUAN/Downloads/project_1/project_1.sim/sim_1/behav/xsim'
"xvlog --incr --relax -prj keygen_tb_vlog.prj"
INFO: [VRFC 10-2263] Analyzing Verilog file "C:/Users/THUAN/Downloads/new/HQC_wrapper.v" into library xil_defaultlib
INFO: [VRFC 10-311] analyzing module HQC_wrapper
INFO: [VRFC 10-2263] Analyzing Verilog file "C:/Users/THUAN/Downloads/new/add_fft.v" into library xil_defaultlib
INFO: [VRFC 10-311] analyzing module add_fft
INFO: [VRFC 10-2263] Analyzing Verilog file "C:/Users/THUAN/Downloads/new/barrett_red_gen.v" into library xil_defaultlib
INFO: [VRFC 10-311] analyzing module barrett_red_gen
INFO: [VRFC 10-2263] Analyzing Verilog file "C:/Users/THUAN/Downloads/new/cdw_xor_tmp.v" into library xil_defaultlib
INFO: [VRFC 10-311] analyzing module cdw_xor_tmp
INFO: [VRFC 10-2263] Analyzing Verilog file "C:/Users/THUAN/Downloads/new/concat_code.v" into library xil_defaultlib
INFO: [VRFC 10-311] analyzing module concat_code
INFO: [VRFC 10-2263] Analyzing Verilog file "C:/Users/THUAN/Downloads/new/control_path.v" into library xil_defaultlib
INFO: [VRFC 10-311] analyzing module control_path
INFO: [VRFC 10-2263] Analyzing Verilog file "C:/Users/THUAN/Downloads/new/data_path.v" into library xil_defaultlib
INFO: [VRFC 10-311] analyzing module data_path
INFO: [VRFC 10-2263] Analyzing Verilog file "C:/Users/THUAN/Downloads/new/decap.v" into library xil_defaultlib
INFO: [VRFC 10-311] analyzing module decap
INFO: [VRFC 10-2263] Analyzing Verilog file "C:/Users/THUAN/Downloads/new/decrypt.v" into library xil_defaultlib
INFO: [VRFC 10-311] analyzing module decrypt
INFO: [VRFC 10-2263] Analyzing Verilog file "C:/Users/THUAN/Downloads/new/encap.v" into library xil_defaultlib
INFO: [VRFC 10-311] analyzing module encap
INFO: [VRFC 10-2263] Analyzing Verilog file "C:/Users/THUAN/Downloads/new/encrypt.v" into library xil_defaultlib
INFO: [VRFC 10-311] analyzing module encrypt
INFO: [VRFC 10-2263] Analyzing Verilog file "C:/Users/THUAN/Downloads/new/encrypt_parallel.v" into library xil_defaultlib
INFO: [VRFC 10-311] analyzing module encrypt_parallel
INFO: [VRFC 10-2263] Analyzing Verilog file "C:/Users/THUAN/Downloads/new/fft_leaves_butterfly.v" into library xil_defaultlib
INFO: [VRFC 10-311] analyzing module fft_leaves_butterfly
INFO: [VRFC 10-2263] Analyzing Verilog file "C:/Users/THUAN/Downloads/new/fft_part1.v" into library xil_defaultlib
INFO: [VRFC 10-311] analyzing module fft_part1
INFO: [VRFC 10-2263] Analyzing Verilog file "C:/Users/THUAN/Downloads/new/fft_part2.v" into library xil_defaultlib
INFO: [VRFC 10-311] analyzing module fft_part2
INFO: [VRFC 10-311] analyzing module fft_part2_round
INFO: [VRFC 10-2263] Analyzing Verilog file "C:/Users/THUAN/Downloads/new/fft_retrieve_error_poly.v" into library xil_defaultlib
INFO: [VRFC 10-311] analyzing module fft_retrieve_error_poly
INFO: [VRFC 10-2263] Analyzing Verilog file "C:/Users/THUAN/Downloads/new/fixed_weight.v" into library xil_defaultlib
INFO: [VRFC 10-311] analyzing module fixed_weight
INFO: [VRFC 10-2263] Analyzing Verilog file "C:/Users/THUAN/Downloads/new/fixed_weight_ct.v" into library xil_defaultlib
INFO: [VRFC 10-311] analyzing module fixed_weight_ct
INFO: [VRFC 10-2263] Analyzing Verilog file "C:/Users/THUAN/Downloads/new/fixed_weight_cww.v" into library xil_defaultlib
INFO: [VRFC 10-311] analyzing module fixed_weight_cww
INFO: [VRFC 10-2263] Analyzing Verilog file "C:/Users/THUAN/Downloads/new/gf_mul.v" into library xil_defaultlib
INFO: [VRFC 10-311] analyzing module gf_mul
INFO: [VRFC 10-2263] Analyzing Verilog file "C:/Users/THUAN/Downloads/new/gfmul_00.v" into library xil_defaultlib
INFO: [VRFC 10-311] analyzing module gfmul_00
INFO: [VRFC 10-2263] Analyzing Verilog file "C:/Users/THUAN/Downloads/new/gfmul_01.v" into library xil_defaultlib
INFO: [VRFC 10-311] analyzing module gfmul_01
INFO: [VRFC 10-2263] Analyzing Verilog file "C:/Users/THUAN/Downloads/new/hqc_barrett_red.v" into library xil_defaultlib
INFO: [VRFC 10-311] analyzing module hqc_barrett_red
INFO: [VRFC 10-2263] Analyzing Verilog file "C:/Users/THUAN/Downloads/new/hqc_decod_top.v" into library xil_defaultlib
INFO: [VRFC 10-311] analyzing module hqc_decod_top
INFO: [VRFC 10-2263] Analyzing Verilog file "C:/Users/THUAN/Downloads/new/hqc_kem_joint_design.v" into library xil_defaultlib
INFO: [VRFC 10-311] analyzing module hqc_kem_joint_design
INFO: [VRFC 10-2263] Analyzing Verilog file "C:/Users/THUAN/Downloads/new/hqc_rmdecod_ctrl.v" into library xil_defaultlib
INFO: [VRFC 10-311] analyzing module hqc_rmdecod_ctrl
INFO: [VRFC 10-2263] Analyzing Verilog file "C:/Users/THUAN/Downloads/new/hqc_rmdecod_expnsum.v" into library xil_defaultlib
INFO: [VRFC 10-311] analyzing module hqc_rmdecod_expnsum
INFO: [VRFC 10-2263] Analyzing Verilog file "C:/Users/THUAN/Downloads/new/hqc_rmdecod_findpeaks.v" into library xil_defaultlib
INFO: [VRFC 10-311] analyzing module hqc_rmdecod_findpeaks
INFO: [VRFC 10-311] analyzing module findpeaks_core
INFO: [VRFC 10-2263] Analyzing Verilog file "C:/Users/THUAN/Downloads/new/hqc_rmdecod_hadamard.v" into library xil_defaultlib
INFO: [VRFC 10-311] analyzing module hqc_rmdecod_hadamard
INFO: [VRFC 10-311] analyzing module hadamard_layer
INFO: [VRFC 10-2263] Analyzing Verilog file "C:/Users/THUAN/Downloads/new/hqc_rmdecod_top.v" into library xil_defaultlib
INFO: [VRFC 10-311] analyzing module hqc_rmdecod_top
INFO: [VRFC 10-2263] Analyzing Verilog file "C:/Users/THUAN/Downloads/new/hqc_rsdecod_elp.v" into library xil_defaultlib
INFO: [VRFC 10-311] analyzing module hqc_rsdecod_elp
INFO: [VRFC 10-2263] Analyzing Verilog file "C:/Users/THUAN/Downloads/new/hqc_rsdecod_err_val.v" into library xil_defaultlib
INFO: [VRFC 10-311] analyzing module hqc_rsdecod_err_val
INFO: [VRFC 10-2263] Analyzing Verilog file "C:/Users/THUAN/Downloads/new/hqc_rsdecod_roots.v" into library xil_defaultlib
INFO: [VRFC 10-311] analyzing module hqc_rsdecod_roots
INFO: [VRFC 10-2263] Analyzing Verilog file "C:/Users/THUAN/Downloads/new/hqc_rsdecod_syndromes.v" into library xil_defaultlib
INFO: [VRFC 10-311] analyzing module hqc_rsdecod_syndromes
INFO: [VRFC 10-2263] Analyzing Verilog file "C:/Users/THUAN/Downloads/new/hqc_rsdecod_top.v" into library xil_defaultlib
INFO: [VRFC 10-311] analyzing module hqc_rsdecod_top
INFO: [VRFC 10-2263] Analyzing Verilog file "C:/Users/THUAN/Downloads/new/hqc_rsdecod_zpoly.v" into library xil_defaultlib
INFO: [VRFC 10-311] analyzing module hqc_rsdecod_zpoly
INFO: [VRFC 10-2263] Analyzing Verilog file "C:/Users/THUAN/Downloads/new/karatsuba_small.v" into library xil_defaultlib
INFO: [VRFC 10-311] analyzing module karatsuba_small
INFO: [VRFC 10-2263] Analyzing Verilog file "C:/Users/THUAN/Downloads/new/keccak_top.v" into library xil_defaultlib
INFO: [VRFC 10-311] analyzing module keccak_top
INFO: [VRFC 10-2263] Analyzing Verilog file "C:/Users/THUAN/Downloads/new/keygen.v" into library xil_defaultlib
INFO: [VRFC 10-311] analyzing module keygen
INFO: [VRFC 10-2263] Analyzing Verilog file "C:/Users/THUAN/Downloads/new/loc_based_adder.v" into library xil_defaultlib
INFO: [VRFC 10-311] analyzing module loc_based_adder
INFO: [VRFC 10-2263] Analyzing Verilog file "C:/Users/THUAN/Downloads/new/mem_dual.v" into library xil_defaultlib
INFO: [VRFC 10-311] analyzing module mem_dual
INFO: [VRFC 10-2263] Analyzing Verilog file "C:/Users/THUAN/Downloads/new/mem_single.v" into library xil_defaultlib
INFO: [VRFC 10-311] analyzing module mem_single
INFO: [VRFC 10-2263] Analyzing Verilog file "C:/Users/THUAN/Downloads/new/mod34.v" into library xil_defaultlib
INFO: [VRFC 10-311] analyzing module mod34
INFO: [VRFC 10-2263] Analyzing Verilog file "C:/Users/THUAN/Downloads/new/onegen.v" into library xil_defaultlib
INFO: [VRFC 10-311] analyzing module onegen
INFO: [VRFC 10-2263] Analyzing Verilog file "C:/Users/THUAN/Downloads/new/onegen_ct.v" into library xil_defaultlib
INFO: [VRFC 10-311] analyzing module onegen_ct
INFO: [VRFC 10-2263] Analyzing Verilog file "C:/Users/THUAN/Downloads/new/poly_mult.v" into library xil_defaultlib
INFO: [VRFC 10-311] analyzing module poly_mult
INFO: [VRFC 10-2263] Analyzing Verilog file "C:/Users/THUAN/Downloads/new/rc.v" into library xil_defaultlib
INFO: [VRFC 10-311] analyzing module rc
INFO: [VRFC 10-2263] Analyzing Verilog file "C:/Users/THUAN/Downloads/new/reed_muller_encode.v" into library xil_defaultlib
INFO: [VRFC 10-311] analyzing module reed_muller_encode
INFO: [VRFC 10-2263] Analyzing Verilog file "C:/Users/THUAN/Downloads/new/reed_solomon_encode.v" into library xil_defaultlib
INFO: [VRFC 10-311] analyzing module reed_solomon_encode
INFO: [VRFC 10-2263] Analyzing Verilog file "C:/Users/THUAN/Downloads/new/rm_encoder.v" into library xil_defaultlib
INFO: [VRFC 10-311] analyzing module rm_encoder
INFO: [VRFC 10-2263] Analyzing Verilog file "C:/Users/THUAN/Downloads/new/state_ram.v" into library xil_defaultlib
INFO: [VRFC 10-311] analyzing module state_ram
INFO: [VRFC 10-2263] Analyzing Verilog file "C:/Users/THUAN/Downloads/new/stateram_inference.v" into library xil_defaultlib
INFO: [VRFC 10-311] analyzing module stateram_inference
INFO: [VRFC 10-2263] Analyzing Verilog file "C:/Users/THUAN/Downloads/new/syncfifo.v" into library xil_defaultlib
INFO: [VRFC 10-311] analyzing module syncfifo
INFO: [VRFC 10-2263] Analyzing Verilog file "C:/Users/THUAN/Downloads/new/transform.v" into library xil_defaultlib
INFO: [VRFC 10-311] analyzing module transform
INFO: [VRFC 10-2263] Analyzing Verilog file "C:/Users/THUAN/Downloads/new/v_minus_uy.v" into library xil_defaultlib
INFO: [VRFC 10-311] analyzing module v_minus_uy
INFO: [VRFC 10-2263] Analyzing Verilog file "C:/Users/THUAN/Downloads/new/vect_set_random.v" into library xil_defaultlib
INFO: [VRFC 10-311] analyzing module vect_set_random
INFO: [VRFC 10-2263] Analyzing Verilog file "C:/Users/THUAN/Downloads/new/xor_based_adder.v" into library xil_defaultlib
INFO: [VRFC 10-311] analyzing module xor_based_adder
INFO: [VRFC 10-2263] Analyzing Verilog file "C:/Users/THUAN/Downloads/new/keygen_tb.v" into library xil_defaultlib
INFO: [VRFC 10-311] analyzing module keygen_tb
run_program: Time (s): cpu = 00:00:01 ; elapsed = 00:00:06 . Memory (MB): peak = 1173.582 ; gain = 0.000
INFO: [USF-XSim-69] 'compile' step finished in '6' seconds
INFO: [USF-XSim-3] XSim::Elaborate design
INFO: [USF-XSim-61] Executing 'ELABORATE' step in 'C:/Users/THUAN/Downloads/project_1/project_1.sim/sim_1/behav/xsim'
"xelab --incr --debug typical --relax --mt 2 -L xil_defaultlib -L unisims_ver -L unimacro_ver -L secureip --snapshot keygen_tb_behav xil_defaultlib.keygen_tb xil_defaultlib.glbl -log elaborate.log"
Vivado Simulator v2022.2
Copyright 1986-1999, 2001-2022 Xilinx, Inc. All Rights Reserved.
Running: D:/Apps/Xilinx/Vivado/2022.2/bin/unwrapped/win64.o/xelab.exe --incr --debug typical --relax --mt 2 -L xil_defaultlib -L unisims_ver -L unimacro_ver -L secureip --snapshot keygen_tb_behav xil_defaultlib.keygen_tb xil_defaultlib.glbl -log elaborate.log 
Using 2 slave threads.
Starting static elaboration
Pass Through NonSizing Optimizer
WARNING: [VRFC 10-3091] actual bit length 32 differs from formal bit length 16 for port 'gpio_ctrl' [C:/Users/THUAN/Downloads/new/keygen_tb.v:35]
Completed static elaboration
Starting simulation data flow analysis
Completed simulation data flow analysis
Time Resolution for simulation is 1ps
Compiling module xil_defaultlib.mem_dual(WIDTH=15,DEPTH=66)
Compiling module xil_defaultlib.mem_dual(WIDTH=32,DEPTH=16)
Compiling module xil_defaultlib.mem_dual(WIDTH=128,DEPTH=139)
Compiling module xil_defaultlib.mem_single(WIDTH=32,DEPTH=10)
Compiling module xil_defaultlib.mem_dual(WIDTH=24,DEPTH=264)
Compiling module xil_defaultlib.hqc_barrett_red_default
Compiling module xil_defaultlib.mem_single(WIDTH=15,DEPTH=66)
Compiling module xil_defaultlib.mem_dual(WIDTH=32,DEPTH=553)
Compiling module xil_defaultlib.onegen_ct(E0_DEPTH=553,DEPTH=553...
Compiling module xil_defaultlib.fixed_weight_ct(N=17669,M=15,WEI...
Compiling module xil_defaultlib.vect_set_random(N=17669)
Compiling module xil_defaultlib.loc_based_adder(WIDTH=128)
Compiling module xil_defaultlib.keygen(N=17669,CT_DESIGN=2'b01)
Compiling module xil_defaultlib.mem_single(WIDTH=32,DEPTH=4)
Compiling module xil_defaultlib.mem_single(WIDTH=32,DEPTH=16)
Compiling module xil_defaultlib.mem_dual(WIDTH=24,DEPTH=450)
Compiling module xil_defaultlib.mem_single(WIDTH=15,DEPTH=75)
Compiling module xil_defaultlib.onegen_ct(E0_DEPTH=553,DEPTH=553...
Compiling module xil_defaultlib.fixed_weight_ct(N=17669,M=15,WEI...
Compiling module xil_defaultlib.gf_mul_default
Compiling module xil_defaultlib.cdw_xor_tmp_default
Compiling module xil_defaultlib.reed_solomon_encode_default
Compiling module xil_defaultlib.rm_encoder
Compiling module xil_defaultlib.mem_single(WIDTH=128,DEPTH=46)
Compiling module xil_defaultlib.reed_muller_encode_default
Compiling module xil_defaultlib.concat_code(parameter_set="hqc12...
Compiling module xil_defaultlib.mem_single(WIDTH=128,DEPTH=139)
Compiling module xil_defaultlib.loc_based_adder(N=17669,WEIGHT=7...
Compiling module xil_defaultlib.xor_based_adder(parameter_set="h...
Compiling module xil_defaultlib.encrypt(CT_DESIGN=2'b01)
Compiling module xil_defaultlib.mod34
Compiling module xil_defaultlib.mem_single(WIDTH=32,DEPTH=1143)
Compiling module xil_defaultlib.encap_default
Compiling module xil_defaultlib.v_minus_uy(parameter_set="hqc128...
Compiling module xil_defaultlib.hqc_rmdecod_expnsum_default
Compiling module xil_defaultlib.syncfifo(DW=4,AW=5)
Compiling module xil_defaultlib.hadamard_layer_default
Compiling module xil_defaultlib.syncfifo(DW=5,AW=5)
Compiling module xil_defaultlib.hadamard_layer(NN=4)
Compiling module xil_defaultlib.syncfifo(DW=6,AW=5)
Compiling module xil_defaultlib.hadamard_layer(NN=5)
Compiling module xil_defaultlib.syncfifo(DW=7,AW=5)
Compiling module xil_defaultlib.hadamard_layer(NN=6)
Compiling module xil_defaultlib.syncfifo(DW=8,AW=5)
Compiling module xil_defaultlib.hadamard_layer(NN=7)
Compiling module xil_defaultlib.syncfifo(DW=9,AW=5)
Compiling module xil_defaultlib.hadamard_layer(NN=8)
Compiling module xil_defaultlib.syncfifo(DW=10,AW=5)
Compiling module xil_defaultlib.hadamard_layer(NN=9)
Compiling module xil_defaultlib.hqc_rmdecod_hadamard_default
Compiling module xil_defaultlib.findpeaks_core(DOUT_W=7)
Compiling module xil_defaultlib.hqc_rmdecod_findpeaks_default
Compiling module xil_defaultlib.hqc_rmdecod_ctrl_default
Compiling module xil_defaultlib.hqc_rmdecod_top_default
Compiling module xil_defaultlib.gfmul_01
Compiling module xil_defaultlib.hqc_rsdecod_syndromes_default
Compiling module xil_defaultlib.gfmul_00
Compiling module xil_defaultlib.hqc_rsdecod_elp_default
Compiling module xil_defaultlib.hqc_rsdecod_zpoly_default
Compiling module xil_defaultlib.fft_part1(DIN_W=256)
Compiling module xil_defaultlib.fft_leaves_butterfly
Compiling module xil_defaultlib.syncfifo(DW=8,AW=4)
Compiling module xil_defaultlib.fft_part2_round_default
Compiling module xil_defaultlib.fft_part2_round(ROUND=1)
Compiling module xil_defaultlib.syncfifo(DW=8,AW=6)
Compiling module xil_defaultlib.fft_part2_round(ROUND=2)
Compiling module xil_defaultlib.syncfifo(DW=8)
Compiling module xil_defaultlib.fft_part2_round(ROUND=3)
Compiling module xil_defaultlib.fft_part2_default
Compiling module xil_defaultlib.add_fft
Compiling module xil_defaultlib.fft_retrieve_error_poly_default
Compiling module xil_defaultlib.hqc_rsdecod_roots_default
Compiling module xil_defaultlib.hqc_rsdecod_err_val_default
Compiling module xil_defaultlib.hqc_rsdecod_top_default
Compiling module xil_defaultlib.hqc_decod_top_default
Compiling module xil_defaultlib.decrypt_default
Compiling module xil_defaultlib.decap_default
Compiling module xil_defaultlib.control_path
Compiling module xil_defaultlib.rc
Compiling module xil_defaultlib.transform
Compiling module xil_defaultlib.stateram_inference_default
Compiling module xil_defaultlib.stateram_inference(i=1)
Compiling module xil_defaultlib.stateram_inference(i=2)
Compiling module xil_defaultlib.stateram_inference(i=3)
Compiling module xil_defaultlib.stateram_inference(i=4)
Compiling module xil_defaultlib.stateram_inference(i=5)
Compiling module xil_defaultlib.stateram_inference(i=6)
Compiling module xil_defaultlib.stateram_inference(i=7)
Compiling module xil_defaultlib.stateram_inference(i=8)
Compiling module xil_defaultlib.stateram_inference(i=9)
Compiling module xil_defaultlib.stateram_inference(i=10)
Compiling module xil_defaultlib.stateram_inference(i=11)
Compiling module xil_defaultlib.stateram_inference(i=12)
Compiling module xil_defaultlib.stateram_inference(i=13)
Compiling module xil_defaultlib.stateram_inference(i=14)
Compiling module xil_defaultlib.stateram_inference(i=15)
Compiling module xil_defaultlib.stateram_inference(i=16)
Compiling module xil_defaultlib.stateram_inference(i=17)
Compiling module xil_defaultlib.stateram_inference(i=18)
Compiling module xil_defaultlib.stateram_inference(i=19)
Compiling module xil_defaultlib.stateram_inference(i=20)
Compiling module xil_defaultlib.stateram_inference(i=21)
Compiling module xil_defaultlib.stateram_inference(i=22)
Compiling module xil_defaultlib.stateram_inference(i=23)
Compiling module xil_defaultlib.stateram_inference(i=24)
Compiling module xil_defaultlib.state_ram_default
Compiling module xil_defaultlib.data_path_default
Compiling module xil_defaultlib.keccak_top
Compiling module xil_defaultlib.poly_mult(MAX_WEIGHT=75,N=17669,...
Compiling module xil_defaultlib.hqc_kem_joint_design_default
Compiling module xil_defaultlib.HQC_wrapper
Compiling module xil_defaultlib.keygen_tb
Compiling module xil_defaultlib.glbl
Built simulation snapshot keygen_tb_behav
run_program: Time (s): cpu = 00:00:01 ; elapsed = 00:00:13 . Memory (MB): peak = 1173.582 ; gain = 0.000
INFO: [USF-XSim-69] 'elaborate' step finished in '13' seconds
INFO: [USF-XSim-4] XSim::Simulate design
INFO: [USF-XSim-61] Executing 'SIMULATE' step in 'C:/Users/THUAN/Downloads/project_1/project_1.sim/sim_1/behav/xsim'
INFO: [USF-XSim-98] *** Running xsim
   with args "keygen_tb_behav -key {Behavioral:sim_1:Functional:keygen_tb} -tclbatch {keygen_tb.tcl} -log {simulate.log}"
INFO: [USF-XSim-8] Loading simulator feature
Time resolution is 1 ps
source keygen_tb.tcl
# set curr_wave [current_wave_config]
# if { [string length $curr_wave] == 0 } {
#   if { [llength [get_objects]] > 0} {
#     add_wave /
#     set_property needs_save false [current_wave_config]
#   } else {
#      send_msg_id Add_Wave-1 WARNING "No top level signals found. Simulator will start without a wave window. If you want to open a wave window go to 'File->New Waveform Configuration' or type 'create_wave_config' in the TCL console."
#   }
# }
# run 1000ns
=== STARTING TESTBENCH (INTERNAL DUMP MODE) ===
WARNING: File sk_seed.in referenced on C:/Users/THUAN/Downloads/new/poly_mult.v at line 216 cannot be opened for reading. Please ensure that this file is available in the current working directory.
WARNING: File pk_seed.in referenced on C:/Users/THUAN/Downloads/new/poly_mult.v at line 216 cannot be opened for reading. Please ensure that this file is available in the current working directory.
--- [TB] Step 1: Resetting Core ---
--- [TB] Step 2: Loading Seeds via AXI ---
--- [TB] Loading SK & PK Seeds ---
--- [TB] SK Seed Loaded. Loading PK Seed... ---
--- [TB] Step 3: Triggering Start ---
INFO: [USF-XSim-96] XSim completed. Design snapshot 'keygen_tb_behav' loaded.
INFO: [USF-XSim-97] XSim simulation ran for 1000ns
launch_simulation: Time (s): cpu = 00:00:06 ; elapsed = 00:00:22 . Memory (MB): peak = 1193.379 ; gain = 19.797
close_sim
INFO: [Simtcl 6-16] Simulation closed
launch_simulation
Command: launch_simulation 
INFO: [Vivado 12-12493] Simulation top is 'keygen_tb'
WARNING: [Vivado 12-13340] Unable to auto find GCC executables from simulator install path! (path not set)
WARNING: [Vivado 12-13277] Compiled library path does not exist: ''
INFO: [Vivado 12-5682] Launching behavioral simulation in 'C:/Users/THUAN/Downloads/project_1/project_1.sim/sim_1/behav/xsim'
INFO: [SIM-utils-51] Simulation object is 'sim_1'
INFO: [SIM-utils-72] Using boost library from 'D:/Apps/Xilinx/Vivado/2022.2/tps/boost_1_72_0'
INFO: [SIM-utils-54] Inspecting design source files for 'keygen_tb' in fileset 'sim_1'...
INFO: [SIM-utils-43] Exported 'C:/Users/THUAN/Downloads/project_1/project_1.sim/sim_1/behav/xsim/barrett_hqc_192.mem'
INFO: [SIM-utils-43] Exported 'C:/Users/THUAN/Downloads/project_1/project_1.sim/sim_1/behav/xsim/barrett_hqc_128.mem'
INFO: [SIM-utils-43] Exported 'C:/Users/THUAN/Downloads/project_1/project_1.sim/sim_1/behav/xsim/barrett_hqc_256.mem'
INFO: [USF-XSim-97] Finding global include files...
INFO: [USF-XSim-98] Fetching design files from 'sim_1'...
INFO: [USF-XSim-2] XSim::Compile design
INFO: [USF-XSim-61] Executing 'COMPILE and ANALYZE' step in 'C:/Users/THUAN/Downloads/project_1/project_1.sim/sim_1/behav/xsim'
"xvlog --incr --relax -prj keygen_tb_vlog.prj"
INFO: [USF-XSim-69] 'compile' step finished in '1' seconds
INFO: [USF-XSim-3] XSim::Elaborate design
INFO: [USF-XSim-61] Executing 'ELABORATE' step in 'C:/Users/THUAN/Downloads/project_1/project_1.sim/sim_1/behav/xsim'
"xelab --incr --debug typical --relax --mt 2 -L xil_defaultlib -L unisims_ver -L unimacro_ver -L secureip --snapshot keygen_tb_behav xil_defaultlib.keygen_tb xil_defaultlib.glbl -log elaborate.log"
Vivado Simulator v2022.2
Copyright 1986-1999, 2001-2022 Xilinx, Inc. All Rights Reserved.
Running: D:/Apps/Xilinx/Vivado/2022.2/bin/unwrapped/win64.o/xelab.exe --incr --debug typical --relax --mt 2 -L xil_defaultlib -L unisims_ver -L unimacro_ver -L secureip --snapshot keygen_tb_behav xil_defaultlib.keygen_tb xil_defaultlib.glbl -log elaborate.log 
Using 2 slave threads.
Starting static elaboration
Pass Through NonSizing Optimizer
WARNING: [VRFC 10-3091] actual bit length 32 differs from formal bit length 16 for port 'gpio_ctrl' [C:/Users/THUAN/Downloads/new/keygen_tb.v:35]
Completed static elaboration
INFO: [XSIM 43-4323] No Change in HDL. Linking previously generated obj files to create kernel
INFO: [USF-XSim-69] 'elaborate' step finished in '2' seconds
INFO: [USF-XSim-4] XSim::Simulate design
INFO: [USF-XSim-61] Executing 'SIMULATE' step in 'C:/Users/THUAN/Downloads/project_1/project_1.sim/sim_1/behav/xsim'
INFO: [USF-XSim-98] *** Running xsim
   with args "keygen_tb_behav -key {Behavioral:sim_1:Functional:keygen_tb} -tclbatch {keygen_tb.tcl} -log {simulate.log}"
INFO: [USF-XSim-8] Loading simulator feature
Time resolution is 1 ps
source keygen_tb.tcl
# set curr_wave [current_wave_config]
# if { [string length $curr_wave] == 0 } {
#   if { [llength [get_objects]] > 0} {
#     add_wave /
#     set_property needs_save false [current_wave_config]
#   } else {
#      send_msg_id Add_Wave-1 WARNING "No top level signals found. Simulator will start without a wave window. If you want to open a wave window go to 'File->New Waveform Configuration' or type 'create_wave_config' in the TCL console."
#   }
# }
# run 1000ns
=== STARTING TESTBENCH (INTERNAL DUMP MODE) ===
--- [TB] Step 1: Resetting Core ---
--- [TB] Step 2: Loading Seeds via AXI ---
--- [TB] Loading SK & PK Seeds ---
--- [TB] SK Seed Loaded. Loading PK Seed... ---
--- [TB] Step 3: Triggering Start ---
INFO: [USF-XSim-96] XSim completed. Design snapshot 'keygen_tb_behav' loaded.
INFO: [USF-XSim-97] XSim simulation ran for 1000ns
launch_simulation: Time (s): cpu = 00:00:03 ; elapsed = 00:00:06 . Memory (MB): peak = 1217.711 ; gain = 0.000
run all
--- [TB] Step 4: Polling for Done Status ---
--- [TB] CORE DONE DETECTED! (After 1401 cycles) ---
--- [TB] Step 5: Dumping Internal Memory to .in Files ---
--- [TB] Step 6: Reading Data via Interface (Frontdoor) ---
--- [TB] Reading S via AXI Interface ---
--- [TB] Reading X via AXI Interface ---
--- [TB] Reading Y via AXI Interface ---
$finish called at time : 203430 ns : File "C:/Users/THUAN/Downloads/new/keygen_tb.v" Line 405
close_sim
INFO: [Simtcl 6-16] Simulation closed
ipx::package_project -root_dir C:/Users/THUAN/Downloads/project_1 -vendor xilinx.com -library user -taxonomy /UserIP -import_files -set_current false
INFO: [IP_Flow 19-1842] HDL Parser: Found include file "src/clog2.v" from the top-level HDL file.
INFO: [IP_Flow 19-1842] HDL Parser: Found include file "src/keccak_pkg.v" from the top-level HDL file.
INFO: [IP_Flow 19-1842] HDL Parser: Found include file "src/keccak_math.v" from the top-level HDL file.
INFO: [IP_Flow 19-5107] Inferred bus interface 's00_axi' of definition 'xilinx.com:interface:aximm:1.0' (from Xilinx Repository).
INFO: [IP_Flow 19-5107] Inferred bus interface 's00_axi_aresetn' of definition 'xilinx.com:signal:reset:1.0' (from Xilinx Repository).
INFO: [IP_Flow 19-5107] Inferred bus interface 's00_axi_aclk' of definition 'xilinx.com:signal:clock:1.0' (from Xilinx Repository).
INFO: [IP_Flow 19-4728] Bus Interface 's00_axi_aresetn': Added interface parameter 'POLARITY' with value 'ACTIVE_LOW'.
INFO: [IP_Flow 19-4728] Bus Interface 's00_axi_aclk': Added interface parameter 'ASSOCIATED_BUSIF' with value 's00_axi'.
INFO: [IP_Flow 19-4728] Bus Interface 's00_axi_aclk': Added interface parameter 'ASSOCIATED_RESET' with value 's00_axi_aresetn'.
INFO: [IP_Flow 19-2181] Payment Required is not set for this core.
INFO: [IP_Flow 19-2187] The Product Guide file is missing.
ipx::unload_core c:/Users/THUAN/Downloads/project_1/component.xml
ipx::edit_ip_in_project -upgrade true -name tmp_edit_project -directory C:/Users/THUAN/Downloads/project_1 c:/Users/THUAN/Downloads/project_1/component.xml
INFO: [IP_Flow 19-234] Refreshing IP repositories
INFO: [IP_Flow 19-1704] No user IP repositories specified
INFO: [IP_Flow 19-2313] Loaded Vivado IP repository 'D:/Apps/Xilinx/Vivado/2022.2/data/ip'.
WARNING: [Board 49-26] cannot add Board Part xilinx.com:kc705:part0:1.6 available at D:/Apps/Xilinx/Vivado/2022.2/data/xhub/boards/XilinxBoardStore/boards/Xilinx/kc705/1.6/board.xml as part xc7k325tffg900-2 specified in board_part file is either invalid or not available
WARNING: [Board 49-26] cannot add Board Part xilinx.com:kcu105:part0:1.6 available at D:/Apps/Xilinx/Vivado/2022.2/data/xhub/boards/XilinxBoardStore/boards/Xilinx/kcu105/1.6/board.xml as part xcku040-ffva1156-2-e specified in board_part file is either invalid or not available
WARNING: [Board 49-26] cannot add Board Part xilinx.com:kcu105:part0:1.7 available at D:/Apps/Xilinx/Vivado/2022.2/data/xhub/boards/XilinxBoardStore/boards/Xilinx/kcu105/1.7/board.xml as part xcku040-ffva1156-2-e specified in board_part file is either invalid or not available
WARNING: [Board 49-26] cannot add Board Part xilinx.com:kcu1500:part0:1.2 available at D:/Apps/Xilinx/Vivado/2022.2/data/xhub/boards/XilinxBoardStore/boards/Xilinx/kcu1500/1.2/board.xml as part xcku115-flvb2104-2-e specified in board_part file is either invalid or not available
WARNING: [Board 49-26] cannot add Board Part xilinx.com:vc707:part0:1.4 available at D:/Apps/Xilinx/Vivado/2022.2/data/xhub/boards/XilinxBoardStore/boards/Xilinx/vc707/1.4/board.xml as part xc7vx485tffg1761-2 specified in board_part file is either invalid or not available
WARNING: [Board 49-26] cannot add Board Part xilinx.com:vc709:part0:1.8 available at D:/Apps/Xilinx/Vivado/2022.2/data/xhub/boards/XilinxBoardStore/boards/Xilinx/vc709/1.8/board.xml as part xc7vx690tffg1761-2 specified in board_part file is either invalid or not available
WARNING: [Board 49-26] cannot add Board Part xilinx.com:vck190:part0:2.2 available at D:/Apps/Xilinx/Vivado/2022.2/data/xhub/boards/XilinxBoardStore/boards/Xilinx/vck190/production/2.2/board.xml as part xcvc1902-vsva2197-2mp-e-s specified in board_part file is either invalid or not available
WARNING: [Board 49-26] cannot add Board Part xilinx.com:vck190:part0:3.0 available at D:/Apps/Xilinx/Vivado/2022.2/data/xhub/boards/XilinxBoardStore/boards/Xilinx/vck190/production/3.0/board.xml as part xcvc1902-vsva2197-2mp-e-s specified in board_part file is either invalid or not available
WARNING: [Board 49-26] cannot add Board Part xilinx.com:vck190:part0:3.1 available at D:/Apps/Xilinx/Vivado/2022.2/data/xhub/boards/XilinxBoardStore/boards/Xilinx/vck190/production/3.1/board.xml as part xcvc1902-vsva2197-2mp-e-s specified in board_part file is either invalid or not available
WARNING: [Board 49-26] cannot add Board Part xilinx.com:vck190_newl:part0:1.0 available at D:/Apps/Xilinx/Vivado/2022.2/data/xhub/boards/XilinxBoardStore/boards/Xilinx/vck190_newl/production/1.0/board.xml as part xcvc1902-vsva2197-2mp-e-s specified in board_part file is either invalid or not available
WARNING: [Board 49-26] cannot add Board Part xilinx.com:vcu108:part0:1.6 available at D:/Apps/Xilinx/Vivado/2022.2/data/xhub/boards/XilinxBoardStore/boards/Xilinx/vcu108/1.6/board.xml as part xcvu095-ffva2104-2-e specified in board_part file is either invalid or not available
WARNING: [Board 49-26] cannot add Board Part xilinx.com:vcu108:part0:1.7 available at D:/Apps/Xilinx/Vivado/2022.2/data/xhub/boards/XilinxBoardStore/boards/Xilinx/vcu108/1.7/board.xml as part xcvu095-ffva2104-2-e specified in board_part file is either invalid or not available
WARNING: [Board 49-26] cannot add Board Part xilinx.com:vcu110:part0:1.4 available at D:/Apps/Xilinx/Vivado/2022.2/data/xhub/boards/XilinxBoardStore/boards/Xilinx/vcu110/1.4/board.xml as part xcvu190-flgc2104-2-e specified in board_part file is either invalid or not available
WARNING: [Board 49-26] cannot add Board Part xilinx.com:vcu118:part0:2.0 available at D:/Apps/Xilinx/Vivado/2022.2/data/xhub/boards/XilinxBoardStore/boards/Xilinx/vcu118/2.0/board.xml as part xcvu9p-flga2104-2l-e specified in board_part file is either invalid or not available
WARNING: [Board 49-26] cannot add Board Part xilinx.com:vcu118:part0:2.3 available at D:/Apps/Xilinx/Vivado/2022.2/data/xhub/boards/XilinxBoardStore/boards/Xilinx/vcu118/2.3/board.xml as part xcvu9p-flga2104-2l-e specified in board_part file is either invalid or not available
WARNING: [Board 49-26] cannot add Board Part xilinx.com:vcu118:part0:2.4 available at D:/Apps/Xilinx/Vivado/2022.2/data/xhub/boards/XilinxBoardStore/boards/Xilinx/vcu118/2.4/board.xml as part xcvu9p-flga2104-2l-e specified in board_part file is either invalid or not available
WARNING: [Board 49-26] cannot add Board Part xilinx.com:vcu128:part0:1.0 available at D:/Apps/Xilinx/Vivado/2022.2/data/xhub/boards/XilinxBoardStore/boards/Xilinx/vcu128/production/1.0/board.xml as part xcvu37p-fsvh2892-2l-e specified in board_part file is either invalid or not available
WARNING: [Board 49-26] cannot add Board Part xilinx.com:vcu129:part0:1.0 available at D:/Apps/Xilinx/Vivado/2022.2/data/xhub/boards/XilinxBoardStore/boards/Xilinx/vcu129/production/1.0/board.xml as part xcvu29p-fsga2577-2l-e specified in board_part file is either invalid or not available
WARNING: [Board 49-26] cannot add Board Part xilinx.com:vcu1525:part0:1.3 available at D:/Apps/Xilinx/Vivado/2022.2/data/xhub/boards/XilinxBoardStore/boards/Xilinx/vcu1525/1.3/board.xml as part xcvu9p-fsgd2104-2l-e specified in board_part file is either invalid or not available
WARNING: [Board 49-26] cannot add Board Part xilinx.com:vek280_es:part0:1.0 available at D:/Apps/Xilinx/Vivado/2022.2/data/xhub/boards/XilinxBoardStore/boards/Xilinx/vek280/es/1.0/board.xml as part xcve2802-vsvh1760-2lp-e-s-es1 specified in board_part file is either invalid or not available
WARNING: [Board 49-26] cannot add Board Part xilinx.com:vermeo_t1_mpsoc:part0:1.0 available at D:/Apps/Xilinx/Vivado/2022.2/data/xhub/boards/XilinxBoardStore/boards/Xilinx/vermeo_t1_mpsoc/1.0/board.xml as part xczu19eg-ffvd1760-2l-e specified in board_part file is either invalid or not available
WARNING: [Board 49-26] cannot add Board Part xilinx.com:vermeo_t1_rfsoc:part0:1.0 available at D:/Apps/Xilinx/Vivado/2022.2/data/xhub/boards/XilinxBoardStore/boards/Xilinx/vermeo_t1_rfsoc/1.0/board.xml as part xczu21dr-ffvd1156-2l-e specified in board_part file is either invalid or not available
WARNING: [Board 49-26] cannot add Board Part xilinx.com:vhk158_es:part0:1.0 available at D:/Apps/Xilinx/Vivado/2022.2/data/xhub/boards/XilinxBoardStore/boards/Xilinx/vhk158/es/1.0/board.xml as part xcvh1582-vsva3697-2mp-e-s-es1 specified in board_part file is either invalid or not available
WARNING: [Board 49-26] cannot add Board Part xilinx.com:vmk180:part0:2.2 available at D:/Apps/Xilinx/Vivado/2022.2/data/xhub/boards/XilinxBoardStore/boards/Xilinx/vmk180/production/2.2/board.xml as part xcvm1802-vsva2197-2mp-e-s specified in board_part file is either invalid or not available
WARNING: [Board 49-26] cannot add Board Part xilinx.com:vmk180:part0:3.0 available at D:/Apps/Xilinx/Vivado/2022.2/data/xhub/boards/XilinxBoardStore/boards/Xilinx/vmk180/production/3.0/board.xml as part xcvm1802-vsva2197-2mp-e-s specified in board_part file is either invalid or not available
WARNING: [Board 49-26] cannot add Board Part xilinx.com:vmk180:part0:3.1 available at D:/Apps/Xilinx/Vivado/2022.2/data/xhub/boards/XilinxBoardStore/boards/Xilinx/vmk180/production/3.1/board.xml as part xcvm1802-vsva2197-2mp-e-s specified in board_part file is either invalid or not available
WARNING: [Board 49-26] cannot add Board Part xilinx.com:vmk180_newl:part0:1.0 available at D:/Apps/Xilinx/Vivado/2022.2/data/xhub/boards/XilinxBoardStore/boards/Xilinx/vmk180_newl/production/1.0/board.xml as part xcvm1802-vsva2197-2mp-e-s specified in board_part file is either invalid or not available
WARNING: [Board 49-26] cannot add Board Part xilinx.com:vpk120:part0:1.0 available at D:/Apps/Xilinx/Vivado/2022.2/data/xhub/boards/XilinxBoardStore/boards/Xilinx/vpk120/production/1.0/board.xml as part xcvp1202-vsva2785-2mp-e-s specified in board_part file is either invalid or not available
WARNING: [Board 49-26] cannot add Board Part xilinx.com:vpk120_es:part0:1.2 available at D:/Apps/Xilinx/Vivado/2022.2/data/xhub/boards/XilinxBoardStore/boards/Xilinx/vpk120/es/1.2/board.xml as part xcvp1202-vsva2785-2mp-e-s-es1 specified in board_part file is either invalid or not available
WARNING: [Board 49-26] cannot add Board Part xilinx.com:vpk120_es_revb:part0:1.0 available at D:/Apps/Xilinx/Vivado/2022.2/data/xhub/boards/XilinxBoardStore/boards/Xilinx/vpk120_revb/es/1.0/board.xml as part xcvp1202-vsva2785-2mp-e-s-es1 specified in board_part file is either invalid or not available
WARNING: [Board 49-26] cannot add Board Part xilinx.com:vpk180_es:part0:1.0 available at D:/Apps/Xilinx/Vivado/2022.2/data/xhub/boards/XilinxBoardStore/boards/Xilinx/vpk180/es/1.0/board.xml as part xcvp1802-lsvc4072-2mp-e-s-es1 specified in board_part file is either invalid or not available
WARNING: [Board 49-26] cannot add Board Part xilinx.com:zc706:part0:1.4 available at D:/Apps/Xilinx/Vivado/2022.2/data/xhub/boards/XilinxBoardStore/boards/Xilinx/zc706/1.4/board.xml as part xc7z045ffg900-2 specified in board_part file is either invalid or not available
WARNING: [Board 49-26] cannot add Board Part xilinx.com:zcu102:part0:3.3 available at D:/Apps/Xilinx/Vivado/2022.2/data/xhub/boards/XilinxBoardStore/boards/Xilinx/zcu102/3.3/board.xml as part xczu9eg-ffvb1156-2-e specified in board_part file is either invalid or not available
WARNING: [Board 49-26] cannot add Board Part xilinx.com:zcu102:part0:3.4 available at D:/Apps/Xilinx/Vivado/2022.2/data/xhub/boards/XilinxBoardStore/boards/Xilinx/zcu102/3.4/board.xml as part xczu9eg-ffvb1156-2-e specified in board_part file is either invalid or not available
WARNING: [Board 49-26] cannot add Board Part xilinx.com:zcu111:part0:1.2 available at D:/Apps/Xilinx/Vivado/2022.2/data/xhub/boards/XilinxBoardStore/boards/Xilinx/zcu111/1.2/board.xml as part xczu28dr-ffvg1517-2-e specified in board_part file is either invalid or not available
WARNING: [Board 49-26] cannot add Board Part xilinx.com:zcu111:part0:1.3 available at D:/Apps/Xilinx/Vivado/2022.2/data/xhub/boards/XilinxBoardStore/boards/Xilinx/zcu111/1.3/board.xml as part xczu28dr-ffvg1517-2-e specified in board_part file is either invalid or not available
WARNING: [Board 49-26] cannot add Board Part xilinx.com:zcu111:part0:1.4 available at D:/Apps/Xilinx/Vivado/2022.2/data/xhub/boards/XilinxBoardStore/boards/Xilinx/zcu111/1.4/board.xml as part xczu28dr-ffvg1517-2-e specified in board_part file is either invalid or not available
WARNING: [Board 49-26] cannot add Board Part xilinx.com:zcu1275:part0:1.0 available at D:/Apps/Xilinx/Vivado/2022.2/data/xhub/boards/XilinxBoardStore/boards/Xilinx/zcu1275/1.0/board.xml as part xczu29dr-ffvf1760-2-e specified in board_part file is either invalid or not available
WARNING: [Board 49-26] cannot add Board Part xilinx.com:zcu1285:part0:1.0 available at D:/Apps/Xilinx/Vivado/2022.2/data/xhub/boards/XilinxBoardStore/boards/Xilinx/zcu1285/1.0/board.xml as part xczu39dr-ffvf1760-2-i specified in board_part file is either invalid or not available
WARNING: [Board 49-26] cannot add Board Part xilinx.com:zcu208:part0:2.0 available at D:/Apps/Xilinx/Vivado/2022.2/data/xhub/boards/XilinxBoardStore/boards/Xilinx/zcu208/production/2.0/board.xml as part xczu48dr-fsvg1517-2-e specified in board_part file is either invalid or not available
WARNING: [Board 49-26] cannot add Board Part xilinx.com:zcu208ld:part0:2.0 available at D:/Apps/Xilinx/Vivado/2022.2/data/xhub/boards/XilinxBoardStore/boards/Xilinx/zcu208ld/production/2.0/board.xml as part xczu58dr-fsvg1517-2-i specified in board_part file is either invalid or not available
WARNING: [Board 49-26] cannot add Board Part xilinx.com:zcu216:part0:2.0 available at D:/Apps/Xilinx/Vivado/2022.2/data/xhub/boards/XilinxBoardStore/boards/Xilinx/zcu216/production/2.0/board.xml as part xczu49dr-ffvf1760-2-e specified in board_part file is either invalid or not available
WARNING: [Board 49-26] cannot add Board Part xilinx.com:zcu216ld:part0:2.0 available at D:/Apps/Xilinx/Vivado/2022.2/data/xhub/boards/XilinxBoardStore/boards/Xilinx/zcu216ld/production/2.0/board.xml as part xczu59dr-ffvf1760-2-i specified in board_part file is either invalid or not available
WARNING: [Board 49-26] cannot add Board Part xilinx.com:zcu670:part0:2.0 available at D:/Apps/Xilinx/Vivado/2022.2/data/xhub/boards/XilinxBoardStore/boards/Xilinx/zcu670/2.0/board.xml as part xczu67dr-fsve1156-2-i specified in board_part file is either invalid or not available
WARNING: [Board 49-26] cannot add Board Part xilinx.com:zcu670ld:part0:1.0 available at D:/Apps/Xilinx/Vivado/2022.2/data/xhub/boards/XilinxBoardStore/boards/Xilinx/zcu670ld/1.0/board.xml as part xczu57dr-fsve1156-2-i specified in board_part file is either invalid or not available
INFO: [IP_Flow 19-795] Syncing license key meta-data
ipx::edit_ip_in_project: Time (s): cpu = 00:00:06 ; elapsed = 00:00:05 . Memory (MB): peak = 1241.488 ; gain = 23.777
update_compile_order -fileset sources_1
ipx::merge_project_changes files [ipx::current_core]
WARNING: [IP_Flow 19-5226] Project source file 'c:/Users/THUAN/Downloads/project_1/component.xml' ignored by IP packager.
set_property core_revision 2 [ipx::current_core]
ipx::update_source_project_archive -component [ipx::current_core]
ipx::create_xgui_files [ipx::current_core]
ipx::update_checksums [ipx::current_core]
ipx::check_integrity [ipx::current_core]
INFO: [IP_Flow 19-2181] Payment Required is not set for this core.
INFO: [IP_Flow 19-2187] The Product Guide file is missing.
INFO: [Ipptcl 7-1486] check_integrity: Integrity check passed.
ipx::save_core [ipx::current_core]
ipx::move_temp_component_back -component [ipx::current_core]
close_project -delete
set_property  ip_repo_paths  c:/Users/THUAN/Downloads/project_1 [current_project]
update_ip_catalog
INFO: [IP_Flow 19-234] Refreshing IP repositories
INFO: [IP_Flow 19-1700] Loaded user IP repository 'c:/Users/THUAN/Downloads/project_1'.
create_bd_design "hqc_accelerator"
Wrote  : <C:\Users\THUAN\Downloads\project_1\project_1.srcs\sources_1\bd\hqc_accelerator\hqc_accelerator.bd> 
create_bd_design: Time (s): cpu = 00:00:05 ; elapsed = 00:00:06 . Memory (MB): peak = 1322.137 ; gain = 68.484
update_compile_order -fileset sources_1
startgroup
create_bd_cell -type ip -vlnv xilinx.com:ip:zynq_ultra_ps_e:3.4 zynq_ultra_ps_e_0
endgroup
apply_bd_automation -rule xilinx.com:bd_rule:zynq_ultra_ps_e -config {apply_board_preset "1" }  [get_bd_cells zynq_ultra_ps_e_0]
startgroup
create_bd_cell -type ip -vlnv xilinx.com:user:axi_wrapper:1.0 axi_wrapper_0
endgroup
apply_bd_automation -rule xilinx.com:bd_rule:axi4 -config { Clk_master {Auto} Clk_slave {Auto} Clk_xbar {Auto} Master {/zynq_ultra_ps_e_0/M_AXI_HPM0_FPD} Slave {/axi_wrapper_0/s00_axi} ddr_seg {Auto} intc_ip {New AXI Interconnect} master_apm {0}}  [get_bd_intf_pins axi_wrapper_0/s00_axi]
INFO: [Ipptcl 7-1463] No Compatible Board Interface found. Board Tab not created in customize GUI
Slave segment '/axi_wrapper_0/s00_axi/reg0' is being assigned into address space '/zynq_ultra_ps_e_0/Data' at <0xA000_0000 [ 4K ]>.
apply_bd_automation -rule xilinx.com:bd_rule:axi4 -config { Clk_master {Auto} Clk_slave {/zynq_ultra_ps_e_0/pl_clk0 (99 MHz)} Clk_xbar {/zynq_ultra_ps_e_0/pl_clk0 (99 MHz)} Master {/zynq_ultra_ps_e_0/M_AXI_HPM1_FPD} Slave {/axi_wrapper_0/s00_axi} ddr_seg {Auto} intc_ip {/ps8_0_axi_periph} master_apm {0}}  [get_bd_intf_pins zynq_ultra_ps_e_0/M_AXI_HPM1_FPD]
open_bd_design {C:/Users/THUAN/Downloads/project_1/project_1.srcs/sources_1/bd/hqc_accelerator/hqc_accelerator.bd}
save_bd_design
Wrote  : <C:\Users\THUAN\Downloads\project_1\project_1.srcs\sources_1\bd\hqc_accelerator\hqc_accelerator.bd> 
Wrote  : <C:/Users/THUAN/Downloads/project_1/project_1.srcs/sources_1/bd/hqc_accelerator/ui/bd_fb1cf486.ui> 
ipx::open_ipxact_file c:/Users/THUAN/Downloads/project_1/component.xml
WARNING: [IP_Flow 19-5226] Project source file 'c:/Users/THUAN/Downloads/project_1/component.xml' ignored by IP packager.
WARNING: [IP_Flow 19-3833] Unreferenced file from the top module is not packaged: 'C:/Users/THUAN/Downloads/project_1/project_1.srcs/sources_1/bd/hqc_accelerator/hqc_accelerator.bd'.
WARNING: [IP_Flow 19-3898] File Group 'xilinx_anylanguagesynthesis (Synthesis)': File 'c:/Users/THUAN/Downloads/project_1/src/HQC_wrapper.v' is not found in the project sources. It will be removed from the packaged IP when the sources are merged. If still required, please add this file to the project and re-package.
WARNING: [IP_Flow 19-3898] File Group 'xilinx_anylanguagesynthesis (Synthesis)': File 'c:/Users/THUAN/Downloads/project_1/src/add_fft.v' is not found in the project sources. It will be removed from the packaged IP when the sources are merged. If still required, please add this file to the project and re-package.
WARNING: [IP_Flow 19-3898] File Group 'xilinx_anylanguagesynthesis (Synthesis)': File 'c:/Users/THUAN/Downloads/project_1/src/axi_wrapper_slave_lite_v1_0_S00_AXI.v' is not found in the project sources. It will be removed from the packaged IP when the sources are merged. If still required, please add this file to the project and re-package.
WARNING: [IP_Flow 19-3898] File Group 'xilinx_anylanguagesynthesis (Synthesis)': File 'c:/Users/THUAN/Downloads/project_1/src/clog2.v' is not found in the project sources. It will be removed from the packaged IP when the sources are merged. If still required, please add this file to the project and re-package.
WARNING: [IP_Flow 19-3898] File Group 'xilinx_anylanguagesynthesis (Synthesis)': File 'c:/Users/THUAN/Downloads/project_1/src/barrett_red_gen.v' is not found in the project sources. It will be removed from the packaged IP when the sources are merged. If still required, please add this file to the project and re-package.
WARNING: [IP_Flow 19-3898] File Group 'xilinx_anylanguagesynthesis (Synthesis)': File 'c:/Users/THUAN/Downloads/project_1/src/cdw_xor_tmp.v' is not found in the project sources. It will be removed from the packaged IP when the sources are merged. If still required, please add this file to the project and re-package.
WARNING: [IP_Flow 19-3898] File Group 'xilinx_anylanguagesynthesis (Synthesis)': File 'c:/Users/THUAN/Downloads/project_1/src/concat_code.v' is not found in the project sources. It will be removed from the packaged IP when the sources are merged. If still required, please add this file to the project and re-package.
WARNING: [IP_Flow 19-3898] File Group 'xilinx_anylanguagesynthesis (Synthesis)': File 'c:/Users/THUAN/Downloads/project_1/src/keccak_pkg.v' is not found in the project sources. It will be removed from the packaged IP when the sources are merged. If still required, please add this file to the project and re-package.
WARNING: [IP_Flow 19-3898] File Group 'xilinx_anylanguagesynthesis (Synthesis)': File 'c:/Users/THUAN/Downloads/project_1/src/control_path.v' is not found in the project sources. It will be removed from the packaged IP when the sources are merged. If still required, please add this file to the project and re-package.
WARNING: [IP_Flow 19-3898] File Group 'xilinx_anylanguagesynthesis (Synthesis)': File 'c:/Users/THUAN/Downloads/project_1/src/keccak_math.v' is not found in the project sources. It will be removed from the packaged IP when the sources are merged. If still required, please add this file to the project and re-package.
WARNING: [IP_Flow 19-3898] File Group 'xilinx_anylanguagesynthesis (Synthesis)': File 'c:/Users/THUAN/Downloads/project_1/src/data_path.v' is not found in the project sources. It will be removed from the packaged IP when the sources are merged. If still required, please add this file to the project and re-package.
WARNING: [IP_Flow 19-3898] File Group 'xilinx_anylanguagesynthesis (Synthesis)': File 'c:/Users/THUAN/Downloads/project_1/src/decap.v' is not found in the project sources. It will be removed from the packaged IP when the sources are merged. If still required, please add this file to the project and re-package.
WARNING: [IP_Flow 19-3898] File Group 'xilinx_anylanguagesynthesis (Synthesis)': File 'c:/Users/THUAN/Downloads/project_1/src/decrypt.v' is not found in the project sources. It will be removed from the packaged IP when the sources are merged. If still required, please add this file to the project and re-package.
WARNING: [IP_Flow 19-3898] File Group 'xilinx_anylanguagesynthesis (Synthesis)': File 'c:/Users/THUAN/Downloads/project_1/src/encap.v' is not found in the project sources. It will be removed from the packaged IP when the sources are merged. If still required, please add this file to the project and re-package.
WARNING: [IP_Flow 19-3898] File Group 'xilinx_anylanguagesynthesis (Synthesis)': File 'c:/Users/THUAN/Downloads/project_1/src/encrypt.v' is not found in the project sources. It will be removed from the packaged IP when the sources are merged. If still required, please add this file to the project and re-package.
WARNING: [IP_Flow 19-3898] File Group 'xilinx_anylanguagesynthesis (Synthesis)': File 'c:/Users/THUAN/Downloads/project_1/src/encrypt_parallel.v' is not found in the project sources. It will be removed from the packaged IP when the sources are merged. If still required, please add this file to the project and re-package.
WARNING: [IP_Flow 19-3898] File Group 'xilinx_anylanguagesynthesis (Synthesis)': File 'c:/Users/THUAN/Downloads/project_1/src/fft_leaves_butterfly.v' is not found in the project sources. It will be removed from the packaged IP when the sources are merged. If still required, please add this file to the project and re-package.
WARNING: [IP_Flow 19-3898] File Group 'xilinx_anylanguagesynthesis (Synthesis)': File 'c:/Users/THUAN/Downloads/project_1/src/fft_part1.v' is not found in the project sources. It will be removed from the packaged IP when the sources are merged. If still required, please add this file to the project and re-package.
WARNING: [IP_Flow 19-3898] File Group 'xilinx_anylanguagesynthesis (Synthesis)': File 'c:/Users/THUAN/Downloads/project_1/src/fft_part2.v' is not found in the project sources. It will be removed from the packaged IP when the sources are merged. If still required, please add this file to the project and re-package.
WARNING: [IP_Flow 19-3898] File Group 'xilinx_anylanguagesynthesis (Synthesis)': File 'c:/Users/THUAN/Downloads/project_1/src/fft_retrieve_error_poly.v' is not found in the project sources. It will be removed from the packaged IP when the sources are merged. If still required, please add this file to the project and re-package.
WARNING: [IP_Flow 19-3898] File Group 'xilinx_anylanguagesynthesis (Synthesis)': File 'c:/Users/THUAN/Downloads/project_1/src/fixed_weight.v' is not found in the project sources. It will be removed from the packaged IP when the sources are merged. If still required, please add this file to the project and re-package.
WARNING: [IP_Flow 19-3898] File Group 'xilinx_anylanguagesynthesis (Synthesis)': File 'c:/Users/THUAN/Downloads/project_1/src/fixed_weight_ct.v' is not found in the project sources. It will be removed from the packaged IP when the sources are merged. If still required, please add this file to the project and re-package.
WARNING: [IP_Flow 19-3898] File Group 'xilinx_anylanguagesynthesis (Synthesis)': File 'c:/Users/THUAN/Downloads/project_1/src/fixed_weight_cww.v' is not found in the project sources. It will be removed from the packaged IP when the sources are merged. If still required, please add this file to the project and re-package.
WARNING: [IP_Flow 19-3898] File Group 'xilinx_anylanguagesynthesis (Synthesis)': File 'c:/Users/THUAN/Downloads/project_1/src/gf_mul.v' is not found in the project sources. It will be removed from the packaged IP when the sources are merged. If still required, please add this file to the project and re-package.
WARNING: [IP_Flow 19-3898] File Group 'xilinx_anylanguagesynthesis (Synthesis)': File 'c:/Users/THUAN/Downloads/project_1/src/gfmul_00.v' is not found in the project sources. It will be removed from the packaged IP when the sources are merged. If still required, please add this file to the project and re-package.
WARNING: [IP_Flow 19-3898] File Group 'xilinx_anylanguagesynthesis (Synthesis)': File 'c:/Users/THUAN/Downloads/project_1/src/gfmul_01.v' is not found in the project sources. It will be removed from the packaged IP when the sources are merged. If still required, please add this file to the project and re-package.
WARNING: [IP_Flow 19-3898] File Group 'xilinx_anylanguagesynthesis (Synthesis)': File 'c:/Users/THUAN/Downloads/project_1/src/hqc_barrett_red.v' is not found in the project sources. It will be removed from the packaged IP when the sources are merged. If still required, please add this file to the project and re-package.
WARNING: [IP_Flow 19-3898] File Group 'xilinx_anylanguagesynthesis (Synthesis)': File 'c:/Users/THUAN/Downloads/project_1/src/hqc_decod_top.v' is not found in the project sources. It will be removed from the packaged IP when the sources are merged. If still required, please add this file to the project and re-package.
WARNING: [IP_Flow 19-3898] File Group 'xilinx_anylanguagesynthesis (Synthesis)': File 'c:/Users/THUAN/Downloads/project_1/src/hqc_kem_joint_design.v' is not found in the project sources. It will be removed from the packaged IP when the sources are merged. If still required, please add this file to the project and re-package.
WARNING: [IP_Flow 19-3898] File Group 'xilinx_anylanguagesynthesis (Synthesis)': File 'c:/Users/THUAN/Downloads/project_1/src/hqc_rmdecod_ctrl.v' is not found in the project sources. It will be removed from the packaged IP when the sources are merged. If still required, please add this file to the project and re-package.
WARNING: [IP_Flow 19-3898] File Group 'xilinx_anylanguagesynthesis (Synthesis)': File 'c:/Users/THUAN/Downloads/project_1/src/hqc_rmdecod_expnsum.v' is not found in the project sources. It will be removed from the packaged IP when the sources are merged. If still required, please add this file to the project and re-package.
WARNING: [IP_Flow 19-3898] File Group 'xilinx_anylanguagesynthesis (Synthesis)': File 'c:/Users/THUAN/Downloads/project_1/src/hqc_rmdecod_findpeaks.v' is not found in the project sources. It will be removed from the packaged IP when the sources are merged. If still required, please add this file to the project and re-package.
WARNING: [IP_Flow 19-3898] File Group 'xilinx_anylanguagesynthesis (Synthesis)': File 'c:/Users/THUAN/Downloads/project_1/src/hqc_rmdecod_hadamard.v' is not found in the project sources. It will be removed from the packaged IP when the sources are merged. If still required, please add this file to the project and re-package.
WARNING: [IP_Flow 19-3898] File Group 'xilinx_anylanguagesynthesis (Synthesis)': File 'c:/Users/THUAN/Downloads/project_1/src/hqc_rmdecod_top.v' is not found in the project sources. It will be removed from the packaged IP when the sources are merged. If still required, please add this file to the project and re-package.
WARNING: [IP_Flow 19-3898] File Group 'xilinx_anylanguagesynthesis (Synthesis)': File 'c:/Users/THUAN/Downloads/project_1/src/hqc_rsdecod_elp.v' is not found in the project sources. It will be removed from the packaged IP when the sources are merged. If still required, please add this file to the project and re-package.
WARNING: [IP_Flow 19-3898] File Group 'xilinx_anylanguagesynthesis (Synthesis)': File 'c:/Users/THUAN/Downloads/project_1/src/hqc_rsdecod_err_val.v' is not found in the project sources. It will be removed from the packaged IP when the sources are merged. If still required, please add this file to the project and re-package.
WARNING: [IP_Flow 19-3898] File Group 'xilinx_anylanguagesynthesis (Synthesis)': File 'c:/Users/THUAN/Downloads/project_1/src/hqc_rsdecod_roots.v' is not found in the project sources. It will be removed from the packaged IP when the sources are merged. If still required, please add this file to the project and re-package.
WARNING: [IP_Flow 19-3898] File Group 'xilinx_anylanguagesynthesis (Synthesis)': File 'c:/Users/THUAN/Downloads/project_1/src/hqc_rsdecod_syndromes.v' is not found in the project sources. It will be removed from the packaged IP when the sources are merged. If still required, please add this file to the project and re-package.
WARNING: [IP_Flow 19-3898] File Group 'xilinx_anylanguagesynthesis (Synthesis)': File 'c:/Users/THUAN/Downloads/project_1/src/hqc_rsdecod_top.v' is not found in the project sources. It will be removed from the packaged IP when the sources are merged. If still required, please add this file to the project and re-package.
WARNING: [IP_Flow 19-3898] File Group 'xilinx_anylanguagesynthesis (Synthesis)': File 'c:/Users/THUAN/Downloads/project_1/src/hqc_rsdecod_zpoly.v' is not found in the project sources. It will be removed from the packaged IP when the sources are merged. If still required, please add this file to the project and re-package.
WARNING: [IP_Flow 19-3898] File Group 'xilinx_anylanguagesynthesis (Synthesis)': File 'c:/Users/THUAN/Downloads/project_1/src/karatsuba_small.v' is not found in the project sources. It will be removed from the packaged IP when the sources are merged. If still required, please add this file to the project and re-package.
WARNING: [IP_Flow 19-3898] File Group 'xilinx_anylanguagesynthesis (Synthesis)': File 'c:/Users/THUAN/Downloads/project_1/src/keccak_top.v' is not found in the project sources. It will be removed from the packaged IP when the sources are merged. If still required, please add this file to the project and re-package.
WARNING: [IP_Flow 19-3898] File Group 'xilinx_anylanguagesynthesis (Synthesis)': File 'c:/Users/THUAN/Downloads/project_1/src/keygen.v' is not found in the project sources. It will be removed from the packaged IP when the sources are merged. If still required, please add this file to the project and re-package.
WARNING: [IP_Flow 19-3898] File Group 'xilinx_anylanguagesynthesis (Synthesis)': File 'c:/Users/THUAN/Downloads/project_1/src/loc_based_adder.v' is not found in the project sources. It will be removed from the packaged IP when the sources are merged. If still required, please add this file to the project and re-package.
WARNING: [IP_Flow 19-3898] File Group 'xilinx_anylanguagesynthesis (Synthesis)': File 'c:/Users/THUAN/Downloads/project_1/src/mem_dual.v' is not found in the project sources. It will be removed from the packaged IP when the sources are merged. If still required, please add this file to the project and re-package.
WARNING: [IP_Flow 19-3898] File Group 'xilinx_anylanguagesynthesis (Synthesis)': File 'c:/Users/THUAN/Downloads/project_1/src/mem_single.v' is not found in the project sources. It will be removed from the packaged IP when the sources are merged. If still required, please add this file to the project and re-package.
WARNING: [IP_Flow 19-3898] File Group 'xilinx_anylanguagesynthesis (Synthesis)': File 'c:/Users/THUAN/Downloads/project_1/src/mod34.v' is not found in the project sources. It will be removed from the packaged IP when the sources are merged. If still required, please add this file to the project and re-package.
WARNING: [IP_Flow 19-3898] File Group 'xilinx_anylanguagesynthesis (Synthesis)': File 'c:/Users/THUAN/Downloads/project_1/src/onegen.v' is not found in the project sources. It will be removed from the packaged IP when the sources are merged. If still required, please add this file to the project and re-package.
WARNING: [IP_Flow 19-3898] File Group 'xilinx_anylanguagesynthesis (Synthesis)': File 'c:/Users/THUAN/Downloads/project_1/src/onegen_ct.v' is not found in the project sources. It will be removed from the packaged IP when the sources are merged. If still required, please add this file to the project and re-package.
WARNING: [IP_Flow 19-3898] File Group 'xilinx_anylanguagesynthesis (Synthesis)': File 'c:/Users/THUAN/Downloads/project_1/src/poly_mult.v' is not found in the project sources. It will be removed from the packaged IP when the sources are merged. If still required, please add this file to the project and re-package.
WARNING: [IP_Flow 19-3898] File Group 'xilinx_anylanguagesynthesis (Synthesis)': File 'c:/Users/THUAN/Downloads/project_1/src/rc.v' is not found in the project sources. It will be removed from the packaged IP when the sources are merged. If still required, please add this file to the project and re-package.
WARNING: [IP_Flow 19-3898] File Group 'xilinx_anylanguagesynthesis (Synthesis)': File 'c:/Users/THUAN/Downloads/project_1/src/reed_muller_encode.v' is not found in the project sources. It will be removed from the packaged IP when the sources are merged. If still required, please add this file to the project and re-package.
WARNING: [IP_Flow 19-3898] File Group 'xilinx_anylanguagesynthesis (Synthesis)': File 'c:/Users/THUAN/Downloads/project_1/src/reed_solomon_encode.v' is not found in the project sources. It will be removed from the packaged IP when the sources are merged. If still required, please add this file to the project and re-package.
WARNING: [IP_Flow 19-3898] File Group 'xilinx_anylanguagesynthesis (Synthesis)': File 'c:/Users/THUAN/Downloads/project_1/src/rm_encoder.v' is not found in the project sources. It will be removed from the packaged IP when the sources are merged. If still required, please add this file to the project and re-package.
WARNING: [IP_Flow 19-3898] File Group 'xilinx_anylanguagesynthesis (Synthesis)': File 'c:/Users/THUAN/Downloads/project_1/src/state_ram.v' is not found in the project sources. It will be removed from the packaged IP when the sources are merged. If still required, please add this file to the project and re-package.
WARNING: [IP_Flow 19-3898] File Group 'xilinx_anylanguagesynthesis (Synthesis)': File 'c:/Users/THUAN/Downloads/project_1/src/stateram_inference.v' is not found in the project sources. It will be removed from the packaged IP when the sources are merged. If still required, please add this file to the project and re-package.
WARNING: [IP_Flow 19-3898] File Group 'xilinx_anylanguagesynthesis (Synthesis)': File 'c:/Users/THUAN/Downloads/project_1/src/syncfifo.v' is not found in the project sources. It will be removed from the packaged IP when the sources are merged. If still required, please add this file to the project and re-package.
WARNING: [IP_Flow 19-3898] File Group 'xilinx_anylanguagesynthesis (Synthesis)': File 'c:/Users/THUAN/Downloads/project_1/src/transform.v' is not found in the project sources. It will be removed from the packaged IP when the sources are merged. If still required, please add this file to the project and re-package.
WARNING: [IP_Flow 19-3898] File Group 'xilinx_anylanguagesynthesis (Synthesis)': File 'c:/Users/THUAN/Downloads/project_1/src/v_minus_uy.v' is not found in the project sources. It will be removed from the packaged IP when the sources are merged. If still required, please add this file to the project and re-package.
WARNING: [IP_Flow 19-3898] File Group 'xilinx_anylanguagesynthesis (Synthesis)': File 'c:/Users/THUAN/Downloads/project_1/src/vect_set_random.v' is not found in the project sources. It will be removed from the packaged IP when the sources are merged. If still required, please add this file to the project and re-package.
WARNING: [IP_Flow 19-3898] File Group 'xilinx_anylanguagesynthesis (Synthesis)': File 'c:/Users/THUAN/Downloads/project_1/src/xor_based_adder.v' is not found in the project sources. It will be removed from the packaged IP when the sources are merged. If still required, please add this file to the project and re-package.
WARNING: [IP_Flow 19-3898] File Group 'xilinx_anylanguagesynthesis (Synthesis)': File 'c:/Users/THUAN/Downloads/project_1/src/barrett_hqc_192.mem' is not found in the project sources. It will be removed from the packaged IP when the sources are merged. If still required, please add this file to the project and re-package.
WARNING: [IP_Flow 19-3898] File Group 'xilinx_anylanguagesynthesis (Synthesis)': File 'c:/Users/THUAN/Downloads/project_1/src/barrett_hqc_128.mem' is not found in the project sources. It will be removed from the packaged IP when the sources are merged. If still required, please add this file to the project and re-package.
WARNING: [IP_Flow 19-3898] File Group 'xilinx_anylanguagesynthesis (Synthesis)': File 'c:/Users/THUAN/Downloads/project_1/src/barrett_hqc_256.mem' is not found in the project sources. It will be removed from the packaged IP when the sources are merged. If still required, please add this file to the project and re-package.
WARNING: [IP_Flow 19-3898] File Group 'xilinx_anylanguagesynthesis (Synthesis)': File 'c:/Users/THUAN/Downloads/project_1/src/axi_wrapper.v' is not found in the project sources. It will be removed from the packaged IP when the sources are merged. If still required, please add this file to the project and re-package.
WARNING: [IP_Flow 19-3898] File Group 'xilinx_anylanguagebehavioralsimulation (Simulation)': File 'c:/Users/THUAN/Downloads/project_1/src/HQC_wrapper.v' is not found in the project sources. It will be removed from the packaged IP when the sources are merged. If still required, please add this file to the project and re-package.
WARNING: [IP_Flow 19-3898] File Group 'xilinx_anylanguagebehavioralsimulation (Simulation)': File 'c:/Users/THUAN/Downloads/project_1/src/add_fft.v' is not found in the project sources. It will be removed from the packaged IP when the sources are merged. If still required, please add this file to the project and re-package.
WARNING: [IP_Flow 19-3898] File Group 'xilinx_anylanguagebehavioralsimulation (Simulation)': File 'c:/Users/THUAN/Downloads/project_1/src/axi_wrapper_slave_lite_v1_0_S00_AXI.v' is not found in the project sources. It will be removed from the packaged IP when the sources are merged. If still required, please add this file to the project and re-package.
WARNING: [IP_Flow 19-3898] File Group 'xilinx_anylanguagebehavioralsimulation (Simulation)': File 'c:/Users/THUAN/Downloads/project_1/src/clog2.v' is not found in the project sources. It will be removed from the packaged IP when the sources are merged. If still required, please add this file to the project and re-package.
WARNING: [IP_Flow 19-3898] File Group 'xilinx_anylanguagebehavioralsimulation (Simulation)': File 'c:/Users/THUAN/Downloads/project_1/src/barrett_red_gen.v' is not found in the project sources. It will be removed from the packaged IP when the sources are merged. If still required, please add this file to the project and re-package.
WARNING: [IP_Flow 19-3898] File Group 'xilinx_anylanguagebehavioralsimulation (Simulation)': File 'c:/Users/THUAN/Downloads/project_1/src/cdw_xor_tmp.v' is not found in the project sources. It will be removed from the packaged IP when the sources are merged. If still required, please add this file to the project and re-package.
WARNING: [IP_Flow 19-3898] File Group 'xilinx_anylanguagebehavioralsimulation (Simulation)': File 'c:/Users/THUAN/Downloads/project_1/src/concat_code.v' is not found in the project sources. It will be removed from the packaged IP when the sources are merged. If still required, please add this file to the project and re-package.
WARNING: [IP_Flow 19-3898] File Group 'xilinx_anylanguagebehavioralsimulation (Simulation)': File 'c:/Users/THUAN/Downloads/project_1/src/keccak_pkg.v' is not found in the project sources. It will be removed from the packaged IP when the sources are merged. If still required, please add this file to the project and re-package.
WARNING: [IP_Flow 19-3898] File Group 'xilinx_anylanguagebehavioralsimulation (Simulation)': File 'c:/Users/THUAN/Downloads/project_1/src/control_path.v' is not found in the project sources. It will be removed from the packaged IP when the sources are merged. If still required, please add this file to the project and re-package.
WARNING: [IP_Flow 19-3898] File Group 'xilinx_anylanguagebehavioralsimulation (Simulation)': File 'c:/Users/THUAN/Downloads/project_1/src/keccak_math.v' is not found in the project sources. It will be removed from the packaged IP when the sources are merged. If still required, please add this file to the project and re-package.
WARNING: [IP_Flow 19-3898] File Group 'xilinx_anylanguagebehavioralsimulation (Simulation)': File 'c:/Users/THUAN/Downloads/project_1/src/data_path.v' is not found in the project sources. It will be removed from the packaged IP when the sources are merged. If still required, please add this file to the project and re-package.
WARNING: [IP_Flow 19-3898] File Group 'xilinx_anylanguagebehavioralsimulation (Simulation)': File 'c:/Users/THUAN/Downloads/project_1/src/decap.v' is not found in the project sources. It will be removed from the packaged IP when the sources are merged. If still required, please add this file to the project and re-package.
WARNING: [IP_Flow 19-3898] File Group 'xilinx_anylanguagebehavioralsimulation (Simulation)': File 'c:/Users/THUAN/Downloads/project_1/src/decrypt.v' is not found in the project sources. It will be removed from the packaged IP when the sources are merged. If still required, please add this file to the project and re-package.
WARNING: [IP_Flow 19-3898] File Group 'xilinx_anylanguagebehavioralsimulation (Simulation)': File 'c:/Users/THUAN/Downloads/project_1/src/encap.v' is not found in the project sources. It will be removed from the packaged IP when the sources are merged. If still required, please add this file to the project and re-package.
WARNING: [IP_Flow 19-3898] File Group 'xilinx_anylanguagebehavioralsimulation (Simulation)': File 'c:/Users/THUAN/Downloads/project_1/src/encrypt.v' is not found in the project sources. It will be removed from the packaged IP when the sources are merged. If still required, please add this file to the project and re-package.
WARNING: [IP_Flow 19-3898] File Group 'xilinx_anylanguagebehavioralsimulation (Simulation)': File 'c:/Users/THUAN/Downloads/project_1/src/encrypt_parallel.v' is not found in the project sources. It will be removed from the packaged IP when the sources are merged. If still required, please add this file to the project and re-package.
WARNING: [IP_Flow 19-3898] File Group 'xilinx_anylanguagebehavioralsimulation (Simulation)': File 'c:/Users/THUAN/Downloads/project_1/src/fft_leaves_butterfly.v' is not found in the project sources. It will be removed from the packaged IP when the sources are merged. If still required, please add this file to the project and re-package.
WARNING: [IP_Flow 19-3898] File Group 'xilinx_anylanguagebehavioralsimulation (Simulation)': File 'c:/Users/THUAN/Downloads/project_1/src/fft_part1.v' is not found in the project sources. It will be removed from the packaged IP when the sources are merged. If still required, please add this file to the project and re-package.
WARNING: [IP_Flow 19-3898] File Group 'xilinx_anylanguagebehavioralsimulation (Simulation)': File 'c:/Users/THUAN/Downloads/project_1/src/fft_part2.v' is not found in the project sources. It will be removed from the packaged IP when the sources are merged. If still required, please add this file to the project and re-package.
WARNING: [IP_Flow 19-3898] File Group 'xilinx_anylanguagebehavioralsimulation (Simulation)': File 'c:/Users/THUAN/Downloads/project_1/src/fft_retrieve_error_poly.v' is not found in the project sources. It will be removed from the packaged IP when the sources are merged. If still required, please add this file to the project and re-package.
WARNING: [IP_Flow 19-3898] File Group 'xilinx_anylanguagebehavioralsimulation (Simulation)': File 'c:/Users/THUAN/Downloads/project_1/src/fixed_weight.v' is not found in the project sources. It will be removed from the packaged IP when the sources are merged. If still required, please add this file to the project and re-package.
WARNING: [IP_Flow 19-3898] File Group 'xilinx_anylanguagebehavioralsimulation (Simulation)': File 'c:/Users/THUAN/Downloads/project_1/src/fixed_weight_ct.v' is not found in the project sources. It will be removed from the packaged IP when the sources are merged. If still required, please add this file to the project and re-package.
WARNING: [IP_Flow 19-3898] File Group 'xilinx_anylanguagebehavioralsimulation (Simulation)': File 'c:/Users/THUAN/Downloads/project_1/src/fixed_weight_cww.v' is not found in the project sources. It will be removed from the packaged IP when the sources are merged. If still required, please add this file to the project and re-package.
WARNING: [IP_Flow 19-3898] File Group 'xilinx_anylanguagebehavioralsimulation (Simulation)': File 'c:/Users/THUAN/Downloads/project_1/src/gf_mul.v' is not found in the project sources. It will be removed from the packaged IP when the sources are merged. If still required, please add this file to the project and re-package.
WARNING: [IP_Flow 19-3898] File Group 'xilinx_anylanguagebehavioralsimulation (Simulation)': File 'c:/Users/THUAN/Downloads/project_1/src/gfmul_00.v' is not found in the project sources. It will be removed from the packaged IP when the sources are merged. If still required, please add this file to the project and re-package.
WARNING: [IP_Flow 19-3898] File Group 'xilinx_anylanguagebehavioralsimulation (Simulation)': File 'c:/Users/THUAN/Downloads/project_1/src/gfmul_01.v' is not found in the project sources. It will be removed from the packaged IP when the sources are merged. If still required, please add this file to the project and re-package.
WARNING: [IP_Flow 19-3898] File Group 'xilinx_anylanguagebehavioralsimulation (Simulation)': File 'c:/Users/THUAN/Downloads/project_1/src/hqc_barrett_red.v' is not found in the project sources. It will be removed from the packaged IP when the sources are merged. If still required, please add this file to the project and re-package.
WARNING: [IP_Flow 19-3898] File Group 'xilinx_anylanguagebehavioralsimulation (Simulation)': File 'c:/Users/THUAN/Downloads/project_1/src/hqc_decod_top.v' is not found in the project sources. It will be removed from the packaged IP when the sources are merged. If still required, please add this file to the project and re-package.
WARNING: [IP_Flow 19-3898] File Group 'xilinx_anylanguagebehavioralsimulation (Simulation)': File 'c:/Users/THUAN/Downloads/project_1/src/hqc_kem_joint_design.v' is not found in the project sources. It will be removed from the packaged IP when the sources are merged. If still required, please add this file to the project and re-package.
WARNING: [IP_Flow 19-3898] File Group 'xilinx_anylanguagebehavioralsimulation (Simulation)': File 'c:/Users/THUAN/Downloads/project_1/src/hqc_rmdecod_ctrl.v' is not found in the project sources. It will be removed from the packaged IP when the sources are merged. If still required, please add this file to the project and re-package.
WARNING: [IP_Flow 19-3898] File Group 'xilinx_anylanguagebehavioralsimulation (Simulation)': File 'c:/Users/THUAN/Downloads/project_1/src/hqc_rmdecod_expnsum.v' is not found in the project sources. It will be removed from the packaged IP when the sources are merged. If still required, please add this file to the project and re-package.
WARNING: [IP_Flow 19-3898] File Group 'xilinx_anylanguagebehavioralsimulation (Simulation)': File 'c:/Users/THUAN/Downloads/project_1/src/hqc_rmdecod_findpeaks.v' is not found in the project sources. It will be removed from the packaged IP when the sources are merged. If still required, please add this file to the project and re-package.
WARNING: [IP_Flow 19-3898] File Group 'xilinx_anylanguagebehavioralsimulation (Simulation)': File 'c:/Users/THUAN/Downloads/project_1/src/hqc_rmdecod_hadamard.v' is not found in the project sources. It will be removed from the packaged IP when the sources are merged. If still required, please add this file to the project and re-package.
WARNING: [IP_Flow 19-3898] File Group 'xilinx_anylanguagebehavioralsimulation (Simulation)': File 'c:/Users/THUAN/Downloads/project_1/src/hqc_rmdecod_top.v' is not found in the project sources. It will be removed from the packaged IP when the sources are merged. If still required, please add this file to the project and re-package.
WARNING: [IP_Flow 19-3898] File Group 'xilinx_anylanguagebehavioralsimulation (Simulation)': File 'c:/Users/THUAN/Downloads/project_1/src/hqc_rsdecod_elp.v' is not found in the project sources. It will be removed from the packaged IP when the sources are merged. If still required, please add this file to the project and re-package.
INFO: [Common 17-14] Message 'IP_Flow 19-3898' appears 100 times and further instances of the messages will be disabled. Use the Tcl command set_msg_config to change the current settings.
WARNING: [IP_Flow 19-5105] 'Used in' property of 'src/keygen_tb.v' differs between project and component. The property in the source project will override the one in the packaged component on merging or repackaging or opening the packaged IP.
set_property display_name hqc_axi_wrapper [ipx::current_core]
set_property description hqc_axi_wrapper [ipx::current_core]
ipx::merge_project_changes hdl_parameters [ipx::current_core]
WARNING: [IP_Flow 19-5226] Project source file 'c:/Users/THUAN/Downloads/project_1/component.xml' ignored by IP packager.
WARNING: [IP_Flow 19-3833] Unreferenced file from the top module is not packaged: 'C:/Users/THUAN/Downloads/project_1/project_1.srcs/sources_1/bd/hqc_accelerator/hqc_accelerator.bd'.
INFO: [IP_Flow 19-1842] HDL Parser: Found include file "src/clog2.v" from the top-level HDL file.
INFO: [IP_Flow 19-1842] HDL Parser: Found include file "src/keccak_pkg.v" from the top-level HDL file.
INFO: [IP_Flow 19-1842] HDL Parser: Found include file "src/keccak_math.v" from the top-level HDL file.
INFO: [IP_Flow 19-3166] Bus Interface 's00_axi': References existing memory map 's00_axi'.
set_property core_revision 3 [ipx::current_core]
ipx::create_xgui_files [ipx::current_core]
ipx::update_checksums [ipx::current_core]
ipx::check_integrity [ipx::current_core]
WARNING: [IP_Flow 19-5905] All packaged files should be located below the IP definition file (xml)
WARNING: [IP_Flow 19-5905] All packaged files should be located below the IP definition file (xml)
WARNING: [IP_Flow 19-5905] All packaged files should be located below the IP definition file (xml)
WARNING: [IP_Flow 19-5905] All packaged files should be located below the IP definition file (xml)
WARNING: [IP_Flow 19-5905] All packaged files should be located below the IP definition file (xml)
WARNING: [IP_Flow 19-5905] All packaged files should be located below the IP definition file (xml)
WARNING: [IP_Flow 19-5905] All packaged files should be located below the IP definition file (xml)
WARNING: [IP_Flow 19-5905] All packaged files should be located below the IP definition file (xml)
WARNING: [IP_Flow 19-5905] All packaged files should be located below the IP definition file (xml)
WARNING: [IP_Flow 19-5905] All packaged files should be located below the IP definition file (xml)
WARNING: [IP_Flow 19-5905] All packaged files should be located below the IP definition file (xml)
WARNING: [IP_Flow 19-5905] All packaged files should be located below the IP definition file (xml)
WARNING: [IP_Flow 19-5905] All packaged files should be located below the IP definition file (xml)
WARNING: [IP_Flow 19-5905] All packaged files should be located below the IP definition file (xml)
WARNING: [IP_Flow 19-5905] All packaged files should be located below the IP definition file (xml)
WARNING: [IP_Flow 19-5905] All packaged files should be located below the IP definition file (xml)
WARNING: [IP_Flow 19-5905] All packaged files should be located below the IP definition file (xml)
WARNING: [IP_Flow 19-5905] All packaged files should be located below the IP definition file (xml)
WARNING: [IP_Flow 19-5905] All packaged files should be located below the IP definition file (xml)
WARNING: [IP_Flow 19-5905] All packaged files should be located below the IP definition file (xml)
WARNING: [IP_Flow 19-5905] All packaged files should be located below the IP definition file (xml)
WARNING: [IP_Flow 19-5905] All packaged files should be located below the IP definition file (xml)
WARNING: [IP_Flow 19-5905] All packaged files should be located below the IP definition file (xml)
WARNING: [IP_Flow 19-5905] All packaged files should be located below the IP definition file (xml)
WARNING: [IP_Flow 19-5905] All packaged files should be located below the IP definition file (xml)
WARNING: [IP_Flow 19-5905] All packaged files should be located below the IP definition file (xml)
WARNING: [IP_Flow 19-5905] All packaged files should be located below the IP definition file (xml)
WARNING: [IP_Flow 19-5905] All packaged files should be located below the IP definition file (xml)
WARNING: [IP_Flow 19-5905] All packaged files should be located below the IP definition file (xml)
WARNING: [IP_Flow 19-5905] All packaged files should be located below the IP definition file (xml)
WARNING: [IP_Flow 19-5905] All packaged files should be located below the IP definition file (xml)
WARNING: [IP_Flow 19-5905] All packaged files should be located below the IP definition file (xml)
WARNING: [IP_Flow 19-5905] All packaged files should be located below the IP definition file (xml)
WARNING: [IP_Flow 19-5905] All packaged files should be located below the IP definition file (xml)
WARNING: [IP_Flow 19-5905] All packaged files should be located below the IP definition file (xml)
WARNING: [IP_Flow 19-5905] All packaged files should be located below the IP definition file (xml)
WARNING: [IP_Flow 19-5905] All packaged files should be located below the IP definition file (xml)
WARNING: [IP_Flow 19-5905] All packaged files should be located below the IP definition file (xml)
WARNING: [IP_Flow 19-5905] All packaged files should be located below the IP definition file (xml)
WARNING: [IP_Flow 19-5905] All packaged files should be located below the IP definition file (xml)
WARNING: [IP_Flow 19-5905] All packaged files should be located below the IP definition file (xml)
WARNING: [IP_Flow 19-5905] All packaged files should be located below the IP definition file (xml)
WARNING: [IP_Flow 19-5905] All packaged files should be located below the IP definition file (xml)
WARNING: [IP_Flow 19-5905] All packaged files should be located below the IP definition file (xml)
WARNING: [IP_Flow 19-5905] All packaged files should be located below the IP definition file (xml)
WARNING: [IP_Flow 19-5905] All packaged files should be located below the IP definition file (xml)
WARNING: [IP_Flow 19-5905] All packaged files should be located below the IP definition file (xml)
WARNING: [IP_Flow 19-5905] All packaged files should be located below the IP definition file (xml)
WARNING: [IP_Flow 19-5905] All packaged files should be located below the IP definition file (xml)
WARNING: [IP_Flow 19-5905] All packaged files should be located below the IP definition file (xml)
WARNING: [IP_Flow 19-5905] All packaged files should be located below the IP definition file (xml)
WARNING: [IP_Flow 19-5905] All packaged files should be located below the IP definition file (xml)
WARNING: [IP_Flow 19-5905] All packaged files should be located below the IP definition file (xml)
WARNING: [IP_Flow 19-5905] All packaged files should be located below the IP definition file (xml)
WARNING: [IP_Flow 19-5905] All packaged files should be located below the IP definition file (xml)
WARNING: [IP_Flow 19-5905] All packaged files should be located below the IP definition file (xml)
WARNING: [IP_Flow 19-5905] All packaged files should be located below the IP definition file (xml)
WARNING: [IP_Flow 19-5905] All packaged files should be located below the IP definition file (xml)
WARNING: [IP_Flow 19-5905] All packaged files should be located below the IP definition file (xml)
WARNING: [IP_Flow 19-5905] All packaged files should be located below the IP definition file (xml)
WARNING: [IP_Flow 19-5905] All packaged files should be located below the IP definition file (xml)
WARNING: [IP_Flow 19-5905] All packaged files should be located below the IP definition file (xml)
WARNING: [IP_Flow 19-5905] All packaged files should be located below the IP definition file (xml)
WARNING: [IP_Flow 19-5905] All packaged files should be located below the IP definition file (xml)
WARNING: [IP_Flow 19-5905] All packaged files should be located below the IP definition file (xml)
WARNING: [IP_Flow 19-5905] All packaged files should be located below the IP definition file (xml)
WARNING: [IP_Flow 19-5905] All packaged files should be located below the IP definition file (xml)
WARNING: [IP_Flow 19-5905] All packaged files should be located below the IP definition file (xml)
WARNING: [IP_Flow 19-5905] All packaged files should be located below the IP definition file (xml)
WARNING: [IP_Flow 19-5905] All packaged files should be located below the IP definition file (xml)
WARNING: [IP_Flow 19-5905] All packaged files should be located below the IP definition file (xml)
WARNING: [IP_Flow 19-5905] All packaged files should be located below the IP definition file (xml)
WARNING: [IP_Flow 19-5905] All packaged files should be located below the IP definition file (xml)
WARNING: [IP_Flow 19-5905] All packaged files should be located below the IP definition file (xml)
WARNING: [IP_Flow 19-5905] All packaged files should be located below the IP definition file (xml)
WARNING: [IP_Flow 19-5905] All packaged files should be located below the IP definition file (xml)
WARNING: [IP_Flow 19-5905] All packaged files should be located below the IP definition file (xml)
WARNING: [IP_Flow 19-5905] All packaged files should be located below the IP definition file (xml)
WARNING: [IP_Flow 19-5905] All packaged files should be located below the IP definition file (xml)
WARNING: [IP_Flow 19-5905] All packaged files should be located below the IP definition file (xml)
WARNING: [IP_Flow 19-5905] All packaged files should be located below the IP definition file (xml)
WARNING: [IP_Flow 19-5905] All packaged files should be located below the IP definition file (xml)
WARNING: [IP_Flow 19-5905] All packaged files should be located below the IP definition file (xml)
WARNING: [IP_Flow 19-5905] All packaged files should be located below the IP definition file (xml)
WARNING: [IP_Flow 19-5905] All packaged files should be located below the IP definition file (xml)
WARNING: [IP_Flow 19-5905] All packaged files should be located below the IP definition file (xml)
WARNING: [IP_Flow 19-5905] All packaged files should be located below the IP definition file (xml)
WARNING: [IP_Flow 19-5905] All packaged files should be located below the IP definition file (xml)
WARNING: [IP_Flow 19-5905] All packaged files should be located below the IP definition file (xml)
WARNING: [IP_Flow 19-5905] All packaged files should be located below the IP definition file (xml)
WARNING: [IP_Flow 19-5905] All packaged files should be located below the IP definition file (xml)
WARNING: [IP_Flow 19-5905] All packaged files should be located below the IP definition file (xml)
WARNING: [IP_Flow 19-5905] All packaged files should be located below the IP definition file (xml)
WARNING: [IP_Flow 19-5905] All packaged files should be located below the IP definition file (xml)
WARNING: [IP_Flow 19-5905] All packaged files should be located below the IP definition file (xml)
WARNING: [IP_Flow 19-5905] All packaged files should be located below the IP definition file (xml)
WARNING: [IP_Flow 19-5905] All packaged files should be located below the IP definition file (xml)
WARNING: [IP_Flow 19-5905] All packaged files should be located below the IP definition file (xml)
WARNING: [IP_Flow 19-5905] All packaged files should be located below the IP definition file (xml)
WARNING: [IP_Flow 19-5905] All packaged files should be located below the IP definition file (xml)
WARNING: [IP_Flow 19-5905] All packaged files should be located below the IP definition file (xml)
WARNING: [IP_Flow 19-5905] All packaged files should be located below the IP definition file (xml)
WARNING: [IP_Flow 19-5905] All packaged files should be located below the IP definition file (xml)
WARNING: [IP_Flow 19-5905] All packaged files should be located below the IP definition file (xml)
WARNING: [IP_Flow 19-5905] All packaged files should be located below the IP definition file (xml)
WARNING: [IP_Flow 19-5905] All packaged files should be located below the IP definition file (xml)
WARNING: [IP_Flow 19-5905] All packaged files should be located below the IP definition file (xml)
WARNING: [IP_Flow 19-5905] All packaged files should be located below the IP definition file (xml)
WARNING: [IP_Flow 19-5905] All packaged files should be located below the IP definition file (xml)
WARNING: [IP_Flow 19-5905] All packaged files should be located below the IP definition file (xml)
WARNING: [IP_Flow 19-5905] All packaged files should be located below the IP definition file (xml)
WARNING: [IP_Flow 19-5905] All packaged files should be located below the IP definition file (xml)
WARNING: [IP_Flow 19-5905] All packaged files should be located below the IP definition file (xml)
WARNING: [IP_Flow 19-5905] All packaged files should be located below the IP definition file (xml)
WARNING: [IP_Flow 19-5905] All packaged files should be located below the IP definition file (xml)
WARNING: [IP_Flow 19-5905] All packaged files should be located below the IP definition file (xml)
WARNING: [IP_Flow 19-5905] All packaged files should be located below the IP definition file (xml)
WARNING: [IP_Flow 19-5905] All packaged files should be located below the IP definition file (xml)
WARNING: [IP_Flow 19-5905] All packaged files should be located below the IP definition file (xml)
WARNING: [IP_Flow 19-5905] All packaged files should be located below the IP definition file (xml)
WARNING: [IP_Flow 19-5905] All packaged files should be located below the IP definition file (xml)
WARNING: [IP_Flow 19-5905] All packaged files should be located below the IP definition file (xml)
WARNING: [IP_Flow 19-5905] All packaged files should be located below the IP definition file (xml)
WARNING: [IP_Flow 19-5905] All packaged files should be located below the IP definition file (xml)
WARNING: [IP_Flow 19-5905] All packaged files should be located below the IP definition file (xml)
WARNING: [IP_Flow 19-5905] All packaged files should be located below the IP definition file (xml)
WARNING: [IP_Flow 19-5905] All packaged files should be located below the IP definition file (xml)
WARNING: [IP_Flow 19-5905] All packaged files should be located below the IP definition file (xml)
WARNING: [IP_Flow 19-5905] All packaged files should be located below the IP definition file (xml)
WARNING: [IP_Flow 19-5905] All packaged files should be located below the IP definition file (xml)
WARNING: [IP_Flow 19-5905] All packaged files should be located below the IP definition file (xml)
INFO: [IP_Flow 19-2181] Payment Required is not set for this core.
INFO: [IP_Flow 19-2187] The Product Guide file is missing.
INFO: [Ipptcl 7-1486] check_integrity: Integrity check passed.
ipx::save_core [ipx::current_core]
update_ip_catalog -rebuild -repo_path c:/Users/THUAN/Downloads/project_1
INFO: [IP_Flow 19-725] Reloaded user IP repository 'c:/Users/THUAN/Downloads/project_1'
report_ip_status -name ip_status 
upgrade_ip -vlnv xilinx.com:user:axi_wrapper:1.0 [get_ips  hqc_accelerator_axi_wrapper_0_0] -log ip_upgrade.log
Upgrading 'C:/Users/THUAN/Downloads/project_1/project_1.srcs/sources_1/bd/hqc_accelerator/hqc_accelerator.bd'
INFO: [IP_Flow 19-3422] Upgraded hqc_accelerator_axi_wrapper_0_0 (hqc_axi_wrapper 1.0) from revision 2 to revision 3
Wrote  : <C:\Users\THUAN\Downloads\project_1\project_1.srcs\sources_1\bd\hqc_accelerator\hqc_accelerator.bd> 
Wrote  : <C:/Users/THUAN/Downloads/project_1/project_1.srcs/sources_1/bd/hqc_accelerator/ui/bd_fb1cf486.ui> 
INFO: [Coretcl 2-1525] Wrote upgrade log to 'C:/Users/THUAN/Downloads/project_1/ip_upgrade.log'.
export_ip_user_files -of_objects [get_ips hqc_accelerator_axi_wrapper_0_0] -no_script -sync -force -quiet
set_property synth_checkpoint_mode None [get_files  C:/Users/THUAN/Downloads/project_1/project_1.srcs/sources_1/bd/hqc_accelerator/hqc_accelerator.bd]
generate_target all [get_files  C:/Users/THUAN/Downloads/project_1/project_1.srcs/sources_1/bd/hqc_accelerator/hqc_accelerator.bd]
WARNING: [BD 41-237] Bus Interface property AWUSER_WIDTH does not match between /ps8_0_axi_periph/s00_couplers/auto_ds/S_AXI(0) and /zynq_ultra_ps_e_0/M_AXI_HPM0_FPD(16)
WARNING: [BD 41-237] Bus Interface property ARUSER_WIDTH does not match between /ps8_0_axi_periph/s00_couplers/auto_ds/S_AXI(0) and /zynq_ultra_ps_e_0/M_AXI_HPM0_FPD(16)
WARNING: [BD 41-237] Bus Interface property AWUSER_WIDTH does not match between /ps8_0_axi_periph/s01_couplers/auto_ds/S_AXI(0) and /zynq_ultra_ps_e_0/M_AXI_HPM1_FPD(16)
WARNING: [BD 41-237] Bus Interface property ARUSER_WIDTH does not match between /ps8_0_axi_periph/s01_couplers/auto_ds/S_AXI(0) and /zynq_ultra_ps_e_0/M_AXI_HPM1_FPD(16)
WARNING: [BD 41-927] Following properties on pin /axi_wrapper_0/s00_axi_aclk have been updated from connected ip, but BD cell '/axi_wrapper_0' does not accept parameter changes, so they may not be synchronized with cell properties:
	FREQ_HZ = 99999001 
Please resolve any mismatches by directly setting properties on BD cell </axi_wrapper_0> to completely resolve these warnings.
Wrote  : <C:\Users\THUAN\Downloads\project_1\project_1.srcs\sources_1\bd\hqc_accelerator\hqc_accelerator.bd> 
Verilog Output written to : C:/Users/THUAN/Downloads/project_1/project_1.gen/sources_1/bd/hqc_accelerator/synth/hqc_accelerator.v
Verilog Output written to : C:/Users/THUAN/Downloads/project_1/project_1.gen/sources_1/bd/hqc_accelerator/sim/hqc_accelerator.v
Verilog Output written to : C:/Users/THUAN/Downloads/project_1/project_1.gen/sources_1/bd/hqc_accelerator/hdl/hqc_accelerator_wrapper.v
INFO: [xilinx.com:ip:zynq_ultra_ps_e:3.4-0] hqc_accelerator_zynq_ultra_ps_e_0_0: 
Changes in your design (including the PCW configuration settings) are not automatically exported from Vivado to Xilinx's SDK, Petalinux or Yocto.
This is by design to avoid disrupting existing embedded development efforts. To have any changes of your design taking effect in the embedded software flow please export your
design by going through Vivado's main menu, click on File, then Export finally select Export Hardware, please ensure you click on the Include BitStream option.
The auto-generated HDF file is all you need to import in Xilinx's SDK, Petalinux or Yocto for your changes to be reflected in the Embedded Software Flow.
For more information, please consult PG201, section: Exporting PCW Settings to Embedded Software Flows
INFO: [PSU-0] Address Range of DDR (0x7ff00000 to 0x7fffffff) is reserved by PMU for internal purpose.
INFO: [IP_Flow 19-5611] Unable to find an associated reset port for the interface 'M_AXI_HPM0_FPD'. A default connection has been created.
INFO: [IP_Flow 19-5611] Unable to find an associated reset port for the interface 'M_AXI_HPM1_FPD'. A default connection has been created.
INFO: [BD 41-1029] Generation completed for the IP Integrator block zynq_ultra_ps_e_0 .
INFO: [BD 41-1029] Generation completed for the IP Integrator block axi_wrapper_0 .
INFO: [BD 41-1029] Generation completed for the IP Integrator block ps8_0_axi_periph/xbar .
INFO: [BD 41-1029] Generation completed for the IP Integrator block rst_ps8_0_99M .
INFO: [IP_Flow 19-5611] Unable to find an associated reset port for the interface 'S_AXI'. A default connection has been created.
INFO: [IP_Flow 19-5611] Unable to find an associated reset port for the interface 'M_AXI'. A default connection has been created.
INFO: [BD 41-1029] Generation completed for the IP Integrator block ps8_0_axi_periph/s00_couplers/auto_ds .
INFO: [BD 41-1029] Generation completed for the IP Integrator block ps8_0_axi_periph/s00_couplers/auto_pc .
INFO: [IP_Flow 19-5611] Unable to find an associated reset port for the interface 'S_AXI'. A default connection has been created.
INFO: [IP_Flow 19-5611] Unable to find an associated reset port for the interface 'M_AXI'. A default connection has been created.
INFO: [BD 41-1029] Generation completed for the IP Integrator block ps8_0_axi_periph/s01_couplers/auto_ds .
INFO: [BD 41-1029] Generation completed for the IP Integrator block ps8_0_axi_periph/s01_couplers/auto_pc .
Exporting to file C:/Users/THUAN/Downloads/project_1/project_1.gen/sources_1/bd/hqc_accelerator/hw_handoff/hqc_accelerator.hwh
Generated Hardware Definition File C:/Users/THUAN/Downloads/project_1/project_1.gen/sources_1/bd/hqc_accelerator/synth/hqc_accelerator.hwdef
generate_target: Time (s): cpu = 00:00:27 ; elapsed = 00:00:34 . Memory (MB): peak = 2123.363 ; gain = 294.250
export_ip_user_files -of_objects [get_files C:/Users/THUAN/Downloads/project_1/project_1.srcs/sources_1/bd/hqc_accelerator/hqc_accelerator.bd] -no_script -sync -force -quiet
export_simulation -of_objects [get_files C:/Users/THUAN/Downloads/project_1/project_1.srcs/sources_1/bd/hqc_accelerator/hqc_accelerator.bd] -directory C:/Users/THUAN/Downloads/project_1/project_1.ip_user_files/sim_scripts -ip_user_files_dir C:/Users/THUAN/Downloads/project_1/project_1.ip_user_files -ipstatic_source_dir C:/Users/THUAN/Downloads/project_1/project_1.ip_user_files/ipstatic -lib_map_path [list {modelsim=C:/Users/THUAN/Downloads/project_1/project_1.cache/compile_simlib/modelsim} {questa=C:/Users/THUAN/Downloads/project_1/project_1.cache/compile_simlib/questa} {riviera=C:/Users/THUAN/Downloads/project_1/project_1.cache/compile_simlib/riviera} {activehdl=C:/Users/THUAN/Downloads/project_1/project_1.cache/compile_simlib/activehdl}] -use_ip_compiled_libs -force -quiet
report_ip_status -name ip_status 
close_bd_design [get_bd_designs hqc_accelerator]
open_bd_design {C:/Users/THUAN/Downloads/project_1/project_1.srcs/sources_1/bd/hqc_accelerator/hqc_accelerator.bd}
Reading block design file <C:/Users/THUAN/Downloads/project_1/project_1.srcs/sources_1/bd/hqc_accelerator/hqc_accelerator.bd>...
Adding component instance block -- xilinx.com:ip:zynq_ultra_ps_e:3.4 - zynq_ultra_ps_e_0
Adding component instance block -- xilinx.com:ip:axi_interconnect:2.1 - ps8_0_axi_periph
Adding component instance block -- xilinx.com:ip:axi_crossbar:2.1 - xbar
Adding component instance block -- xilinx.com:ip:axi_dwidth_converter:2.1 - auto_ds
Adding component instance block -- xilinx.com:ip:axi_protocol_converter:2.1 - auto_pc
Adding component instance block -- xilinx.com:ip:axi_dwidth_converter:2.1 - auto_ds
Adding component instance block -- xilinx.com:ip:axi_protocol_converter:2.1 - auto_pc
Adding component instance block -- xilinx.com:ip:proc_sys_reset:5.0 - rst_ps8_0_99M
Adding component instance block -- xilinx.com:user:axi_wrapper:1.0 - axi_wrapper_0
Successfully read diagram <hqc_accelerator> from block design file <C:/Users/THUAN/Downloads/project_1/project_1.srcs/sources_1/bd/hqc_accelerator/hqc_accelerator.bd>
set_property location {1 143 -199} [get_bd_cells axi_wrapper_0]
ipx::merge_project_changes files [ipx::current_core]
WARNING: [IP_Flow 19-5226] Project source file 'c:/Users/THUAN/Downloads/project_1/component.xml' ignored by IP packager.
WARNING: [IP_Flow 19-3833] Unreferenced file from the top module is not packaged: 'C:/Users/THUAN/Downloads/project_1/project_1.srcs/sources_1/bd/hqc_accelerator/hqc_accelerator.bd'.
WARNING: [IP_Flow 19-5109] File Group 'xilinx_anylanguagesynthesis (Synthesis)': File 'c:/Users/THUAN/Downloads/new/HQC_wrapper.v' does not exist in the project sources. It has been removed from the packaged IP. If still required, please add this file to the project, merge sources and re-package.
WARNING: [IP_Flow 19-5109] File Group 'xilinx_anylanguagesynthesis (Synthesis)': File 'c:/Users/THUAN/Downloads/new/add_fft.v' does not exist in the project sources. It has been removed from the packaged IP. If still required, please add this file to the project, merge sources and re-package.
WARNING: [IP_Flow 19-5109] File Group 'xilinx_anylanguagesynthesis (Synthesis)': File 'c:/Users/THUAN/Downloads/new/axi_wrapper_slave_lite_v1_0_S00_AXI.v' does not exist in the project sources. It has been removed from the packaged IP. If still required, please add this file to the project, merge sources and re-package.
WARNING: [IP_Flow 19-5109] File Group 'xilinx_anylanguagesynthesis (Synthesis)': File 'c:/Users/THUAN/Downloads/new/clog2.v' does not exist in the project sources. It has been removed from the packaged IP. If still required, please add this file to the project, merge sources and re-package.
WARNING: [IP_Flow 19-5109] File Group 'xilinx_anylanguagesynthesis (Synthesis)': File 'c:/Users/THUAN/Downloads/new/barrett_red_gen.v' does not exist in the project sources. It has been removed from the packaged IP. If still required, please add this file to the project, merge sources and re-package.
WARNING: [IP_Flow 19-5109] File Group 'xilinx_anylanguagesynthesis (Synthesis)': File 'c:/Users/THUAN/Downloads/new/cdw_xor_tmp.v' does not exist in the project sources. It has been removed from the packaged IP. If still required, please add this file to the project, merge sources and re-package.
WARNING: [IP_Flow 19-5109] File Group 'xilinx_anylanguagesynthesis (Synthesis)': File 'c:/Users/THUAN/Downloads/new/concat_code.v' does not exist in the project sources. It has been removed from the packaged IP. If still required, please add this file to the project, merge sources and re-package.
WARNING: [IP_Flow 19-5109] File Group 'xilinx_anylanguagesynthesis (Synthesis)': File 'c:/Users/THUAN/Downloads/new/keccak_pkg.v' does not exist in the project sources. It has been removed from the packaged IP. If still required, please add this file to the project, merge sources and re-package.
WARNING: [IP_Flow 19-5109] File Group 'xilinx_anylanguagesynthesis (Synthesis)': File 'c:/Users/THUAN/Downloads/new/control_path.v' does not exist in the project sources. It has been removed from the packaged IP. If still required, please add this file to the project, merge sources and re-package.
WARNING: [IP_Flow 19-5109] File Group 'xilinx_anylanguagesynthesis (Synthesis)': File 'c:/Users/THUAN/Downloads/new/keccak_math.v' does not exist in the project sources. It has been removed from the packaged IP. If still required, please add this file to the project, merge sources and re-package.
WARNING: [IP_Flow 19-5109] File Group 'xilinx_anylanguagesynthesis (Synthesis)': File 'c:/Users/THUAN/Downloads/new/data_path.v' does not exist in the project sources. It has been removed from the packaged IP. If still required, please add this file to the project, merge sources and re-package.
WARNING: [IP_Flow 19-5109] File Group 'xilinx_anylanguagesynthesis (Synthesis)': File 'c:/Users/THUAN/Downloads/new/decap.v' does not exist in the project sources. It has been removed from the packaged IP. If still required, please add this file to the project, merge sources and re-package.
WARNING: [IP_Flow 19-5109] File Group 'xilinx_anylanguagesynthesis (Synthesis)': File 'c:/Users/THUAN/Downloads/new/decrypt.v' does not exist in the project sources. It has been removed from the packaged IP. If still required, please add this file to the project, merge sources and re-package.
WARNING: [IP_Flow 19-5109] File Group 'xilinx_anylanguagesynthesis (Synthesis)': File 'c:/Users/THUAN/Downloads/new/encap.v' does not exist in the project sources. It has been removed from the packaged IP. If still required, please add this file to the project, merge sources and re-package.
WARNING: [IP_Flow 19-5109] File Group 'xilinx_anylanguagesynthesis (Synthesis)': File 'c:/Users/THUAN/Downloads/new/encrypt.v' does not exist in the project sources. It has been removed from the packaged IP. If still required, please add this file to the project, merge sources and re-package.
WARNING: [IP_Flow 19-5109] File Group 'xilinx_anylanguagesynthesis (Synthesis)': File 'c:/Users/THUAN/Downloads/new/encrypt_parallel.v' does not exist in the project sources. It has been removed from the packaged IP. If still required, please add this file to the project, merge sources and re-package.
WARNING: [IP_Flow 19-5109] File Group 'xilinx_anylanguagesynthesis (Synthesis)': File 'c:/Users/THUAN/Downloads/new/fft_leaves_butterfly.v' does not exist in the project sources. It has been removed from the packaged IP. If still required, please add this file to the project, merge sources and re-package.
WARNING: [IP_Flow 19-5109] File Group 'xilinx_anylanguagesynthesis (Synthesis)': File 'c:/Users/THUAN/Downloads/new/fft_part1.v' does not exist in the project sources. It has been removed from the packaged IP. If still required, please add this file to the project, merge sources and re-package.
WARNING: [IP_Flow 19-5109] File Group 'xilinx_anylanguagesynthesis (Synthesis)': File 'c:/Users/THUAN/Downloads/new/fft_part2.v' does not exist in the project sources. It has been removed from the packaged IP. If still required, please add this file to the project, merge sources and re-package.
WARNING: [IP_Flow 19-5109] File Group 'xilinx_anylanguagesynthesis (Synthesis)': File 'c:/Users/THUAN/Downloads/new/fft_retrieve_error_poly.v' does not exist in the project sources. It has been removed from the packaged IP. If still required, please add this file to the project, merge sources and re-package.
WARNING: [IP_Flow 19-5109] File Group 'xilinx_anylanguagesynthesis (Synthesis)': File 'c:/Users/THUAN/Downloads/new/fixed_weight.v' does not exist in the project sources. It has been removed from the packaged IP. If still required, please add this file to the project, merge sources and re-package.
WARNING: [IP_Flow 19-5109] File Group 'xilinx_anylanguagesynthesis (Synthesis)': File 'c:/Users/THUAN/Downloads/new/fixed_weight_ct.v' does not exist in the project sources. It has been removed from the packaged IP. If still required, please add this file to the project, merge sources and re-package.
WARNING: [IP_Flow 19-5109] File Group 'xilinx_anylanguagesynthesis (Synthesis)': File 'c:/Users/THUAN/Downloads/new/fixed_weight_cww.v' does not exist in the project sources. It has been removed from the packaged IP. If still required, please add this file to the project, merge sources and re-package.
WARNING: [IP_Flow 19-5109] File Group 'xilinx_anylanguagesynthesis (Synthesis)': File 'c:/Users/THUAN/Downloads/new/gf_mul.v' does not exist in the project sources. It has been removed from the packaged IP. If still required, please add this file to the project, merge sources and re-package.
WARNING: [IP_Flow 19-5109] File Group 'xilinx_anylanguagesynthesis (Synthesis)': File 'c:/Users/THUAN/Downloads/new/gfmul_00.v' does not exist in the project sources. It has been removed from the packaged IP. If still required, please add this file to the project, merge sources and re-package.
WARNING: [IP_Flow 19-5109] File Group 'xilinx_anylanguagesynthesis (Synthesis)': File 'c:/Users/THUAN/Downloads/new/gfmul_01.v' does not exist in the project sources. It has been removed from the packaged IP. If still required, please add this file to the project, merge sources and re-package.
WARNING: [IP_Flow 19-5109] File Group 'xilinx_anylanguagesynthesis (Synthesis)': File 'c:/Users/THUAN/Downloads/new/hqc_barrett_red.v' does not exist in the project sources. It has been removed from the packaged IP. If still required, please add this file to the project, merge sources and re-package.
WARNING: [IP_Flow 19-5109] File Group 'xilinx_anylanguagesynthesis (Synthesis)': File 'c:/Users/THUAN/Downloads/new/hqc_decod_top.v' does not exist in the project sources. It has been removed from the packaged IP. If still required, please add this file to the project, merge sources and re-package.
WARNING: [IP_Flow 19-5109] File Group 'xilinx_anylanguagesynthesis (Synthesis)': File 'c:/Users/THUAN/Downloads/new/hqc_kem_joint_design.v' does not exist in the project sources. It has been removed from the packaged IP. If still required, please add this file to the project, merge sources and re-package.
WARNING: [IP_Flow 19-5109] File Group 'xilinx_anylanguagesynthesis (Synthesis)': File 'c:/Users/THUAN/Downloads/new/hqc_rmdecod_ctrl.v' does not exist in the project sources. It has been removed from the packaged IP. If still required, please add this file to the project, merge sources and re-package.
WARNING: [IP_Flow 19-5109] File Group 'xilinx_anylanguagesynthesis (Synthesis)': File 'c:/Users/THUAN/Downloads/new/hqc_rmdecod_expnsum.v' does not exist in the project sources. It has been removed from the packaged IP. If still required, please add this file to the project, merge sources and re-package.
WARNING: [IP_Flow 19-5109] File Group 'xilinx_anylanguagesynthesis (Synthesis)': File 'c:/Users/THUAN/Downloads/new/hqc_rmdecod_findpeaks.v' does not exist in the project sources. It has been removed from the packaged IP. If still required, please add this file to the project, merge sources and re-package.
WARNING: [IP_Flow 19-5109] File Group 'xilinx_anylanguagesynthesis (Synthesis)': File 'c:/Users/THUAN/Downloads/new/hqc_rmdecod_hadamard.v' does not exist in the project sources. It has been removed from the packaged IP. If still required, please add this file to the project, merge sources and re-package.
WARNING: [IP_Flow 19-5109] File Group 'xilinx_anylanguagesynthesis (Synthesis)': File 'c:/Users/THUAN/Downloads/new/hqc_rmdecod_top.v' does not exist in the project sources. It has been removed from the packaged IP. If still required, please add this file to the project, merge sources and re-package.
WARNING: [IP_Flow 19-5109] File Group 'xilinx_anylanguagesynthesis (Synthesis)': File 'c:/Users/THUAN/Downloads/new/hqc_rsdecod_elp.v' does not exist in the project sources. It has been removed from the packaged IP. If still required, please add this file to the project, merge sources and re-package.
WARNING: [IP_Flow 19-5109] File Group 'xilinx_anylanguagesynthesis (Synthesis)': File 'c:/Users/THUAN/Downloads/new/hqc_rsdecod_err_val.v' does not exist in the project sources. It has been removed from the packaged IP. If still required, please add this file to the project, merge sources and re-package.
WARNING: [IP_Flow 19-5109] File Group 'xilinx_anylanguagesynthesis (Synthesis)': File 'c:/Users/THUAN/Downloads/new/hqc_rsdecod_roots.v' does not exist in the project sources. It has been removed from the packaged IP. If still required, please add this file to the project, merge sources and re-package.
WARNING: [IP_Flow 19-5109] File Group 'xilinx_anylanguagesynthesis (Synthesis)': File 'c:/Users/THUAN/Downloads/new/hqc_rsdecod_syndromes.v' does not exist in the project sources. It has been removed from the packaged IP. If still required, please add this file to the project, merge sources and re-package.
WARNING: [IP_Flow 19-5109] File Group 'xilinx_anylanguagesynthesis (Synthesis)': File 'c:/Users/THUAN/Downloads/new/hqc_rsdecod_top.v' does not exist in the project sources. It has been removed from the packaged IP. If still required, please add this file to the project, merge sources and re-package.
WARNING: [IP_Flow 19-5109] File Group 'xilinx_anylanguagesynthesis (Synthesis)': File 'c:/Users/THUAN/Downloads/new/hqc_rsdecod_zpoly.v' does not exist in the project sources. It has been removed from the packaged IP. If still required, please add this file to the project, merge sources and re-package.
WARNING: [IP_Flow 19-5109] File Group 'xilinx_anylanguagesynthesis (Synthesis)': File 'c:/Users/THUAN/Downloads/new/karatsuba_small.v' does not exist in the project sources. It has been removed from the packaged IP. If still required, please add this file to the project, merge sources and re-package.
WARNING: [IP_Flow 19-5109] File Group 'xilinx_anylanguagesynthesis (Synthesis)': File 'c:/Users/THUAN/Downloads/new/keccak_top.v' does not exist in the project sources. It has been removed from the packaged IP. If still required, please add this file to the project, merge sources and re-package.
WARNING: [IP_Flow 19-5109] File Group 'xilinx_anylanguagesynthesis (Synthesis)': File 'c:/Users/THUAN/Downloads/new/keygen.v' does not exist in the project sources. It has been removed from the packaged IP. If still required, please add this file to the project, merge sources and re-package.
WARNING: [IP_Flow 19-5109] File Group 'xilinx_anylanguagesynthesis (Synthesis)': File 'c:/Users/THUAN/Downloads/new/loc_based_adder.v' does not exist in the project sources. It has been removed from the packaged IP. If still required, please add this file to the project, merge sources and re-package.
WARNING: [IP_Flow 19-5109] File Group 'xilinx_anylanguagesynthesis (Synthesis)': File 'c:/Users/THUAN/Downloads/new/mem_dual.v' does not exist in the project sources. It has been removed from the packaged IP. If still required, please add this file to the project, merge sources and re-package.
WARNING: [IP_Flow 19-5109] File Group 'xilinx_anylanguagesynthesis (Synthesis)': File 'c:/Users/THUAN/Downloads/new/mem_single.v' does not exist in the project sources. It has been removed from the packaged IP. If still required, please add this file to the project, merge sources and re-package.
WARNING: [IP_Flow 19-5109] File Group 'xilinx_anylanguagesynthesis (Synthesis)': File 'c:/Users/THUAN/Downloads/new/mod34.v' does not exist in the project sources. It has been removed from the packaged IP. If still required, please add this file to the project, merge sources and re-package.
WARNING: [IP_Flow 19-5109] File Group 'xilinx_anylanguagesynthesis (Synthesis)': File 'c:/Users/THUAN/Downloads/new/onegen.v' does not exist in the project sources. It has been removed from the packaged IP. If still required, please add this file to the project, merge sources and re-package.
WARNING: [IP_Flow 19-5109] File Group 'xilinx_anylanguagesynthesis (Synthesis)': File 'c:/Users/THUAN/Downloads/new/onegen_ct.v' does not exist in the project sources. It has been removed from the packaged IP. If still required, please add this file to the project, merge sources and re-package.
WARNING: [IP_Flow 19-5109] File Group 'xilinx_anylanguagesynthesis (Synthesis)': File 'c:/Users/THUAN/Downloads/new/poly_mult.v' does not exist in the project sources. It has been removed from the packaged IP. If still required, please add this file to the project, merge sources and re-package.
WARNING: [IP_Flow 19-5109] File Group 'xilinx_anylanguagesynthesis (Synthesis)': File 'c:/Users/THUAN/Downloads/new/rc.v' does not exist in the project sources. It has been removed from the packaged IP. If still required, please add this file to the project, merge sources and re-package.
WARNING: [IP_Flow 19-5109] File Group 'xilinx_anylanguagesynthesis (Synthesis)': File 'c:/Users/THUAN/Downloads/new/reed_muller_encode.v' does not exist in the project sources. It has been removed from the packaged IP. If still required, please add this file to the project, merge sources and re-package.
WARNING: [IP_Flow 19-5109] File Group 'xilinx_anylanguagesynthesis (Synthesis)': File 'c:/Users/THUAN/Downloads/new/reed_solomon_encode.v' does not exist in the project sources. It has been removed from the packaged IP. If still required, please add this file to the project, merge sources and re-package.
WARNING: [IP_Flow 19-5109] File Group 'xilinx_anylanguagesynthesis (Synthesis)': File 'c:/Users/THUAN/Downloads/new/rm_encoder.v' does not exist in the project sources. It has been removed from the packaged IP. If still required, please add this file to the project, merge sources and re-package.
WARNING: [IP_Flow 19-5109] File Group 'xilinx_anylanguagesynthesis (Synthesis)': File 'c:/Users/THUAN/Downloads/new/state_ram.v' does not exist in the project sources. It has been removed from the packaged IP. If still required, please add this file to the project, merge sources and re-package.
WARNING: [IP_Flow 19-5109] File Group 'xilinx_anylanguagesynthesis (Synthesis)': File 'c:/Users/THUAN/Downloads/new/stateram_inference.v' does not exist in the project sources. It has been removed from the packaged IP. If still required, please add this file to the project, merge sources and re-package.
WARNING: [IP_Flow 19-5109] File Group 'xilinx_anylanguagesynthesis (Synthesis)': File 'c:/Users/THUAN/Downloads/new/syncfifo.v' does not exist in the project sources. It has been removed from the packaged IP. If still required, please add this file to the project, merge sources and re-package.
WARNING: [IP_Flow 19-5109] File Group 'xilinx_anylanguagesynthesis (Synthesis)': File 'c:/Users/THUAN/Downloads/new/transform.v' does not exist in the project sources. It has been removed from the packaged IP. If still required, please add this file to the project, merge sources and re-package.
WARNING: [IP_Flow 19-5109] File Group 'xilinx_anylanguagesynthesis (Synthesis)': File 'c:/Users/THUAN/Downloads/new/v_minus_uy.v' does not exist in the project sources. It has been removed from the packaged IP. If still required, please add this file to the project, merge sources and re-package.
WARNING: [IP_Flow 19-5109] File Group 'xilinx_anylanguagesynthesis (Synthesis)': File 'c:/Users/THUAN/Downloads/new/vect_set_random.v' does not exist in the project sources. It has been removed from the packaged IP. If still required, please add this file to the project, merge sources and re-package.
WARNING: [IP_Flow 19-5109] File Group 'xilinx_anylanguagesynthesis (Synthesis)': File 'c:/Users/THUAN/Downloads/new/xor_based_adder.v' does not exist in the project sources. It has been removed from the packaged IP. If still required, please add this file to the project, merge sources and re-package.
WARNING: [IP_Flow 19-5109] File Group 'xilinx_anylanguagesynthesis (Synthesis)': File 'c:/Users/THUAN/Downloads/new/barrett_hqc_192.mem' does not exist in the project sources. It has been removed from the packaged IP. If still required, please add this file to the project, merge sources and re-package.
WARNING: [IP_Flow 19-5109] File Group 'xilinx_anylanguagesynthesis (Synthesis)': File 'c:/Users/THUAN/Downloads/new/barrett_hqc_128.mem' does not exist in the project sources. It has been removed from the packaged IP. If still required, please add this file to the project, merge sources and re-package.
WARNING: [IP_Flow 19-5109] File Group 'xilinx_anylanguagesynthesis (Synthesis)': File 'c:/Users/THUAN/Downloads/new/barrett_hqc_256.mem' does not exist in the project sources. It has been removed from the packaged IP. If still required, please add this file to the project, merge sources and re-package.
WARNING: [IP_Flow 19-5109] File Group 'xilinx_anylanguagesynthesis (Synthesis)': File 'c:/Users/THUAN/Downloads/new/axi_wrapper.v' does not exist in the project sources. It has been removed from the packaged IP. If still required, please add this file to the project, merge sources and re-package.
WARNING: [IP_Flow 19-5109] File Group 'xilinx_anylanguagebehavioralsimulation (Simulation)': File 'c:/Users/THUAN/Downloads/new/HQC_wrapper.v' does not exist in the project sources. It has been removed from the packaged IP. If still required, please add this file to the project, merge sources and re-package.
WARNING: [IP_Flow 19-5109] File Group 'xilinx_anylanguagebehavioralsimulation (Simulation)': File 'c:/Users/THUAN/Downloads/new/add_fft.v' does not exist in the project sources. It has been removed from the packaged IP. If still required, please add this file to the project, merge sources and re-package.
WARNING: [IP_Flow 19-5109] File Group 'xilinx_anylanguagebehavioralsimulation (Simulation)': File 'c:/Users/THUAN/Downloads/new/axi_wrapper_slave_lite_v1_0_S00_AXI.v' does not exist in the project sources. It has been removed from the packaged IP. If still required, please add this file to the project, merge sources and re-package.
WARNING: [IP_Flow 19-5109] File Group 'xilinx_anylanguagebehavioralsimulation (Simulation)': File 'c:/Users/THUAN/Downloads/new/clog2.v' does not exist in the project sources. It has been removed from the packaged IP. If still required, please add this file to the project, merge sources and re-package.
WARNING: [IP_Flow 19-5109] File Group 'xilinx_anylanguagebehavioralsimulation (Simulation)': File 'c:/Users/THUAN/Downloads/new/barrett_red_gen.v' does not exist in the project sources. It has been removed from the packaged IP. If still required, please add this file to the project, merge sources and re-package.
WARNING: [IP_Flow 19-5109] File Group 'xilinx_anylanguagebehavioralsimulation (Simulation)': File 'c:/Users/THUAN/Downloads/new/cdw_xor_tmp.v' does not exist in the project sources. It has been removed from the packaged IP. If still required, please add this file to the project, merge sources and re-package.
WARNING: [IP_Flow 19-5109] File Group 'xilinx_anylanguagebehavioralsimulation (Simulation)': File 'c:/Users/THUAN/Downloads/new/concat_code.v' does not exist in the project sources. It has been removed from the packaged IP. If still required, please add this file to the project, merge sources and re-package.
WARNING: [IP_Flow 19-5109] File Group 'xilinx_anylanguagebehavioralsimulation (Simulation)': File 'c:/Users/THUAN/Downloads/new/keccak_pkg.v' does not exist in the project sources. It has been removed from the packaged IP. If still required, please add this file to the project, merge sources and re-package.
WARNING: [IP_Flow 19-5109] File Group 'xilinx_anylanguagebehavioralsimulation (Simulation)': File 'c:/Users/THUAN/Downloads/new/control_path.v' does not exist in the project sources. It has been removed from the packaged IP. If still required, please add this file to the project, merge sources and re-package.
WARNING: [IP_Flow 19-5109] File Group 'xilinx_anylanguagebehavioralsimulation (Simulation)': File 'c:/Users/THUAN/Downloads/new/keccak_math.v' does not exist in the project sources. It has been removed from the packaged IP. If still required, please add this file to the project, merge sources and re-package.
WARNING: [IP_Flow 19-5109] File Group 'xilinx_anylanguagebehavioralsimulation (Simulation)': File 'c:/Users/THUAN/Downloads/new/data_path.v' does not exist in the project sources. It has been removed from the packaged IP. If still required, please add this file to the project, merge sources and re-package.
WARNING: [IP_Flow 19-5109] File Group 'xilinx_anylanguagebehavioralsimulation (Simulation)': File 'c:/Users/THUAN/Downloads/new/decap.v' does not exist in the project sources. It has been removed from the packaged IP. If still required, please add this file to the project, merge sources and re-package.
WARNING: [IP_Flow 19-5109] File Group 'xilinx_anylanguagebehavioralsimulation (Simulation)': File 'c:/Users/THUAN/Downloads/new/decrypt.v' does not exist in the project sources. It has been removed from the packaged IP. If still required, please add this file to the project, merge sources and re-package.
WARNING: [IP_Flow 19-5109] File Group 'xilinx_anylanguagebehavioralsimulation (Simulation)': File 'c:/Users/THUAN/Downloads/new/encap.v' does not exist in the project sources. It has been removed from the packaged IP. If still required, please add this file to the project, merge sources and re-package.
WARNING: [IP_Flow 19-5109] File Group 'xilinx_anylanguagebehavioralsimulation (Simulation)': File 'c:/Users/THUAN/Downloads/new/encrypt.v' does not exist in the project sources. It has been removed from the packaged IP. If still required, please add this file to the project, merge sources and re-package.
WARNING: [IP_Flow 19-5109] File Group 'xilinx_anylanguagebehavioralsimulation (Simulation)': File 'c:/Users/THUAN/Downloads/new/encrypt_parallel.v' does not exist in the project sources. It has been removed from the packaged IP. If still required, please add this file to the project, merge sources and re-package.
WARNING: [IP_Flow 19-5109] File Group 'xilinx_anylanguagebehavioralsimulation (Simulation)': File 'c:/Users/THUAN/Downloads/new/fft_leaves_butterfly.v' does not exist in the project sources. It has been removed from the packaged IP. If still required, please add this file to the project, merge sources and re-package.
WARNING: [IP_Flow 19-5109] File Group 'xilinx_anylanguagebehavioralsimulation (Simulation)': File 'c:/Users/THUAN/Downloads/new/fft_part1.v' does not exist in the project sources. It has been removed from the packaged IP. If still required, please add this file to the project, merge sources and re-package.
WARNING: [IP_Flow 19-5109] File Group 'xilinx_anylanguagebehavioralsimulation (Simulation)': File 'c:/Users/THUAN/Downloads/new/fft_part2.v' does not exist in the project sources. It has been removed from the packaged IP. If still required, please add this file to the project, merge sources and re-package.
WARNING: [IP_Flow 19-5109] File Group 'xilinx_anylanguagebehavioralsimulation (Simulation)': File 'c:/Users/THUAN/Downloads/new/fft_retrieve_error_poly.v' does not exist in the project sources. It has been removed from the packaged IP. If still required, please add this file to the project, merge sources and re-package.
WARNING: [IP_Flow 19-5109] File Group 'xilinx_anylanguagebehavioralsimulation (Simulation)': File 'c:/Users/THUAN/Downloads/new/fixed_weight.v' does not exist in the project sources. It has been removed from the packaged IP. If still required, please add this file to the project, merge sources and re-package.
WARNING: [IP_Flow 19-5109] File Group 'xilinx_anylanguagebehavioralsimulation (Simulation)': File 'c:/Users/THUAN/Downloads/new/fixed_weight_ct.v' does not exist in the project sources. It has been removed from the packaged IP. If still required, please add this file to the project, merge sources and re-package.
WARNING: [IP_Flow 19-5109] File Group 'xilinx_anylanguagebehavioralsimulation (Simulation)': File 'c:/Users/THUAN/Downloads/new/fixed_weight_cww.v' does not exist in the project sources. It has been removed from the packaged IP. If still required, please add this file to the project, merge sources and re-package.
WARNING: [IP_Flow 19-5109] File Group 'xilinx_anylanguagebehavioralsimulation (Simulation)': File 'c:/Users/THUAN/Downloads/new/gf_mul.v' does not exist in the project sources. It has been removed from the packaged IP. If still required, please add this file to the project, merge sources and re-package.
WARNING: [IP_Flow 19-5109] File Group 'xilinx_anylanguagebehavioralsimulation (Simulation)': File 'c:/Users/THUAN/Downloads/new/gfmul_00.v' does not exist in the project sources. It has been removed from the packaged IP. If still required, please add this file to the project, merge sources and re-package.
WARNING: [IP_Flow 19-5109] File Group 'xilinx_anylanguagebehavioralsimulation (Simulation)': File 'c:/Users/THUAN/Downloads/new/gfmul_01.v' does not exist in the project sources. It has been removed from the packaged IP. If still required, please add this file to the project, merge sources and re-package.
WARNING: [IP_Flow 19-5109] File Group 'xilinx_anylanguagebehavioralsimulation (Simulation)': File 'c:/Users/THUAN/Downloads/new/hqc_barrett_red.v' does not exist in the project sources. It has been removed from the packaged IP. If still required, please add this file to the project, merge sources and re-package.
WARNING: [IP_Flow 19-5109] File Group 'xilinx_anylanguagebehavioralsimulation (Simulation)': File 'c:/Users/THUAN/Downloads/new/hqc_decod_top.v' does not exist in the project sources. It has been removed from the packaged IP. If still required, please add this file to the project, merge sources and re-package.
WARNING: [IP_Flow 19-5109] File Group 'xilinx_anylanguagebehavioralsimulation (Simulation)': File 'c:/Users/THUAN/Downloads/new/hqc_kem_joint_design.v' does not exist in the project sources. It has been removed from the packaged IP. If still required, please add this file to the project, merge sources and re-package.
WARNING: [IP_Flow 19-5109] File Group 'xilinx_anylanguagebehavioralsimulation (Simulation)': File 'c:/Users/THUAN/Downloads/new/hqc_rmdecod_ctrl.v' does not exist in the project sources. It has been removed from the packaged IP. If still required, please add this file to the project, merge sources and re-package.
WARNING: [IP_Flow 19-5109] File Group 'xilinx_anylanguagebehavioralsimulation (Simulation)': File 'c:/Users/THUAN/Downloads/new/hqc_rmdecod_expnsum.v' does not exist in the project sources. It has been removed from the packaged IP. If still required, please add this file to the project, merge sources and re-package.
WARNING: [IP_Flow 19-5109] File Group 'xilinx_anylanguagebehavioralsimulation (Simulation)': File 'c:/Users/THUAN/Downloads/new/hqc_rmdecod_findpeaks.v' does not exist in the project sources. It has been removed from the packaged IP. If still required, please add this file to the project, merge sources and re-package.
WARNING: [IP_Flow 19-5109] File Group 'xilinx_anylanguagebehavioralsimulation (Simulation)': File 'c:/Users/THUAN/Downloads/new/hqc_rmdecod_hadamard.v' does not exist in the project sources. It has been removed from the packaged IP. If still required, please add this file to the project, merge sources and re-package.
WARNING: [IP_Flow 19-5109] File Group 'xilinx_anylanguagebehavioralsimulation (Simulation)': File 'c:/Users/THUAN/Downloads/new/hqc_rmdecod_top.v' does not exist in the project sources. It has been removed from the packaged IP. If still required, please add this file to the project, merge sources and re-package.
WARNING: [IP_Flow 19-5109] File Group 'xilinx_anylanguagebehavioralsimulation (Simulation)': File 'c:/Users/THUAN/Downloads/new/hqc_rsdecod_elp.v' does not exist in the project sources. It has been removed from the packaged IP. If still required, please add this file to the project, merge sources and re-package.
INFO: [Common 17-14] Message 'IP_Flow 19-5109' appears 100 times and further instances of the messages will be disabled. Use the Tcl command set_msg_config to change the current settings.
set_property name hqc_axi_wrapper [ipx::current_core]
set_property core_revision 4 [ipx::current_core]
ipx::create_xgui_files [ipx::current_core]
ipx::update_checksums [ipx::current_core]
ipx::check_integrity [ipx::current_core]
INFO: [IP_Flow 19-2181] Payment Required is not set for this core.
INFO: [IP_Flow 19-2187] The Product Guide file is missing.
INFO: [Ipptcl 7-1486] check_integrity: Integrity check passed.
ipx::save_core [ipx::current_core]
update_ip_catalog -rebuild -repo_path c:/Users/THUAN/Downloads/project_1
INFO: [IP_Flow 19-725] Reloaded user IP repository 'c:/Users/THUAN/Downloads/project_1'
close_bd_design [get_bd_designs hqc_accelerator]
Wrote  : <C:/Users/THUAN/Downloads/project_1/project_1.srcs/sources_1/bd/hqc_accelerator/ui/bd_fb1cf486.ui> 
open_bd_design {C:/Users/THUAN/Downloads/project_1/project_1.srcs/sources_1/bd/hqc_accelerator/hqc_accelerator.bd}
Reading block design file <C:/Users/THUAN/Downloads/project_1/project_1.srcs/sources_1/bd/hqc_accelerator/hqc_accelerator.bd>...
Adding component instance block -- xilinx.com:ip:zynq_ultra_ps_e:3.4 - zynq_ultra_ps_e_0
Adding component instance block -- xilinx.com:ip:axi_interconnect:2.1 - ps8_0_axi_periph
Adding component instance block -- xilinx.com:ip:axi_crossbar:2.1 - xbar
Adding component instance block -- xilinx.com:ip:axi_dwidth_converter:2.1 - auto_ds
Adding component instance block -- xilinx.com:ip:axi_protocol_converter:2.1 - auto_pc
Adding component instance block -- xilinx.com:ip:axi_dwidth_converter:2.1 - auto_ds
Adding component instance block -- xilinx.com:ip:axi_protocol_converter:2.1 - auto_pc
Adding component instance block -- xilinx.com:ip:proc_sys_reset:5.0 - rst_ps8_0_99M
Adding component instance block -- xilinx.com:user:axi_wrapper:1.0 - axi_wrapper_0
Successfully read diagram <hqc_accelerator> from block design file <C:/Users/THUAN/Downloads/project_1/project_1.srcs/sources_1/bd/hqc_accelerator/hqc_accelerator.bd>
ipx::merge_project_changes files [ipx::current_core]
WARNING: [IP_Flow 19-5226] Project source file 'c:/Users/THUAN/Downloads/project_1/component.xml' ignored by IP packager.
WARNING: [IP_Flow 19-3833] Unreferenced file from the top module is not packaged: 'C:/Users/THUAN/Downloads/project_1/project_1.srcs/sources_1/bd/hqc_accelerator/hqc_accelerator.bd'.
set_property core_revision 5 [ipx::current_core]
ipx::create_xgui_files [ipx::current_core]
ipx::update_checksums [ipx::current_core]
ipx::check_integrity [ipx::current_core]
INFO: [IP_Flow 19-2181] Payment Required is not set for this core.
INFO: [IP_Flow 19-2187] The Product Guide file is missing.
INFO: [Ipptcl 7-1486] check_integrity: Integrity check passed.
ipx::save_core [ipx::current_core]
update_ip_catalog -rebuild -repo_path c:/Users/THUAN/Downloads/project_1
INFO: [IP_Flow 19-725] Reloaded user IP repository 'c:/Users/THUAN/Downloads/project_1'
set_property core_revision 6 [ipx::current_core]
ipx::create_xgui_files [ipx::current_core]
ipx::update_checksums [ipx::current_core]
ipx::check_integrity [ipx::current_core]
INFO: [IP_Flow 19-2181] Payment Required is not set for this core.
INFO: [IP_Flow 19-2187] The Product Guide file is missing.
INFO: [Ipptcl 7-1486] check_integrity: Integrity check passed.
ipx::save_core [ipx::current_core]
update_ip_catalog -rebuild -repo_path c:/Users/THUAN/Downloads/project_1
INFO: [IP_Flow 19-725] Reloaded user IP repository 'c:/Users/THUAN/Downloads/project_1'
open_bd_design {C:/Users/THUAN/Downloads/project_1/project_1.srcs/sources_1/bd/hqc_accelerator/hqc_accelerator.bd}
regenerate_bd_layout
regenerate_bd_layout
delete_bd_objs [get_bd_intf_nets ps8_0_axi_periph_M00_AXI] [get_bd_cells axi_wrapper_0]
update_ip_catalog -rebuild -scan_changes
INFO: [IP_Flow 19-234] Refreshing IP repositories
INFO: [IP_Flow 19-1700] Loaded user IP repository 'c:/Users/THUAN/Downloads/project_1'.
report_ip_status -name ip_status
delete_bd_objs [get_bd_intf_nets zynq_ultra_ps_e_0_M_AXI_HPM0_FPD] [get_bd_intf_nets zynq_ultra_ps_e_0_M_AXI_HPM1_FPD] [get_bd_nets zynq_ultra_ps_e_0_pl_resetn0] [get_bd_cells zynq_ultra_ps_e_0]
delete_bd_objs [get_bd_cells rst_ps8_0_99M]
delete_bd_objs [get_bd_nets rst_ps8_0_99M_peripheral_aresetn] [get_bd_nets zynq_ultra_ps_e_0_pl_clk0] [get_bd_cells ps8_0_axi_periph]
save_bd_design
Wrote  : <C:\Users\THUAN\Downloads\project_1\project_1.srcs\sources_1\bd\hqc_accelerator\hqc_accelerator.bd> 
Wrote  : <C:/Users/THUAN/Downloads/project_1/project_1.srcs/sources_1/bd/hqc_accelerator/ui/bd_fb1cf486.ui> 
close_bd_design [get_bd_designs hqc_accelerator]
ipx::infer_core -vendor xilinx.com -library user -taxonomy /UserIP C:/Users/THUAN/Downloads/project_1
INFO: [filemgmt 56-200] Setting project included file 'c:/Users/THUAN/Downloads/project_1/src/clog2.v' to type 'Verilog Header'.
INFO: [filemgmt 56-200] Setting project included file 'c:/Users/THUAN/Downloads/project_1/src/keccak_math.v' to type 'Verilog Header'.
INFO: [filemgmt 56-200] Setting project included file 'c:/Users/THUAN/Downloads/project_1/src/keccak_pkg.v' to type 'Verilog Header'.
INFO: [IP_Flow 19-1842] HDL Parser: Found include file "src/clog2.v" from the top-level HDL file.
INFO: [IP_Flow 19-1842] HDL Parser: Found include file "src/keccak_pkg.v" from the top-level HDL file.
INFO: [IP_Flow 19-1842] HDL Parser: Found include file "src/keccak_math.v" from the top-level HDL file.
INFO: [IP_Flow 19-5107] Inferred bus interface 's00_axi' of definition 'xilinx.com:interface:aximm:1.0' (from Xilinx Repository).
INFO: [IP_Flow 19-5107] Inferred bus interface 's00_axi_aresetn' of definition 'xilinx.com:signal:reset:1.0' (from Xilinx Repository).
INFO: [IP_Flow 19-5107] Inferred bus interface 's00_axi_aclk' of definition 'xilinx.com:signal:clock:1.0' (from Xilinx Repository).
INFO: [IP_Flow 19-4728] Bus Interface 's00_axi_aresetn': Added interface parameter 'POLARITY' with value 'ACTIVE_LOW'.
INFO: [IP_Flow 19-4728] Bus Interface 's00_axi_aclk': Added interface parameter 'ASSOCIATED_BUSIF' with value 's00_axi'.
INFO: [IP_Flow 19-4728] Bus Interface 's00_axi_aclk': Added interface parameter 'ASSOCIATED_RESET' with value 's00_axi_aresetn'.
INFO: [IP_Flow 19-2181] Payment Required is not set for this core.
INFO: [IP_Flow 19-2187] The Product Guide file is missing.
INFO: [IP_Flow 19-2181] Payment Required is not set for this core.
INFO: [IP_Flow 19-2187] The Product Guide file is missing.
ipx::edit_ip_in_project -upgrade true -name edit_ip_project -directory C:/Users/THUAN/Downloads/project_1/project_1.tmp c:/Users/THUAN/Downloads/project_1/component.xml
INFO: [IP_Flow 19-234] Refreshing IP repositories
INFO: [IP_Flow 19-1704] No user IP repositories specified
INFO: [IP_Flow 19-2313] Loaded Vivado IP repository 'D:/Apps/Xilinx/Vivado/2022.2/data/ip'.
WARNING: [Board 49-26] cannot add Board Part xilinx.com:kc705:part0:1.6 available at D:/Apps/Xilinx/Vivado/2022.2/data/xhub/boards/XilinxBoardStore/boards/Xilinx/kc705/1.6/board.xml as part xc7k325tffg900-2 specified in board_part file is either invalid or not available
WARNING: [Board 49-26] cannot add Board Part xilinx.com:kcu105:part0:1.6 available at D:/Apps/Xilinx/Vivado/2022.2/data/xhub/boards/XilinxBoardStore/boards/Xilinx/kcu105/1.6/board.xml as part xcku040-ffva1156-2-e specified in board_part file is either invalid or not available
WARNING: [Board 49-26] cannot add Board Part xilinx.com:kcu105:part0:1.7 available at D:/Apps/Xilinx/Vivado/2022.2/data/xhub/boards/XilinxBoardStore/boards/Xilinx/kcu105/1.7/board.xml as part xcku040-ffva1156-2-e specified in board_part file is either invalid or not available
WARNING: [Board 49-26] cannot add Board Part xilinx.com:kcu1500:part0:1.2 available at D:/Apps/Xilinx/Vivado/2022.2/data/xhub/boards/XilinxBoardStore/boards/Xilinx/kcu1500/1.2/board.xml as part xcku115-flvb2104-2-e specified in board_part file is either invalid or not available
WARNING: [Board 49-26] cannot add Board Part xilinx.com:vc707:part0:1.4 available at D:/Apps/Xilinx/Vivado/2022.2/data/xhub/boards/XilinxBoardStore/boards/Xilinx/vc707/1.4/board.xml as part xc7vx485tffg1761-2 specified in board_part file is either invalid or not available
WARNING: [Board 49-26] cannot add Board Part xilinx.com:vc709:part0:1.8 available at D:/Apps/Xilinx/Vivado/2022.2/data/xhub/boards/XilinxBoardStore/boards/Xilinx/vc709/1.8/board.xml as part xc7vx690tffg1761-2 specified in board_part file is either invalid or not available
WARNING: [Board 49-26] cannot add Board Part xilinx.com:vck190:part0:2.2 available at D:/Apps/Xilinx/Vivado/2022.2/data/xhub/boards/XilinxBoardStore/boards/Xilinx/vck190/production/2.2/board.xml as part xcvc1902-vsva2197-2mp-e-s specified in board_part file is either invalid or not available
WARNING: [Board 49-26] cannot add Board Part xilinx.com:vck190:part0:3.0 available at D:/Apps/Xilinx/Vivado/2022.2/data/xhub/boards/XilinxBoardStore/boards/Xilinx/vck190/production/3.0/board.xml as part xcvc1902-vsva2197-2mp-e-s specified in board_part file is either invalid or not available
WARNING: [Board 49-26] cannot add Board Part xilinx.com:vck190:part0:3.1 available at D:/Apps/Xilinx/Vivado/2022.2/data/xhub/boards/XilinxBoardStore/boards/Xilinx/vck190/production/3.1/board.xml as part xcvc1902-vsva2197-2mp-e-s specified in board_part file is either invalid or not available
WARNING: [Board 49-26] cannot add Board Part xilinx.com:vck190_newl:part0:1.0 available at D:/Apps/Xilinx/Vivado/2022.2/data/xhub/boards/XilinxBoardStore/boards/Xilinx/vck190_newl/production/1.0/board.xml as part xcvc1902-vsva2197-2mp-e-s specified in board_part file is either invalid or not available
WARNING: [Board 49-26] cannot add Board Part xilinx.com:vcu108:part0:1.6 available at D:/Apps/Xilinx/Vivado/2022.2/data/xhub/boards/XilinxBoardStore/boards/Xilinx/vcu108/1.6/board.xml as part xcvu095-ffva2104-2-e specified in board_part file is either invalid or not available
WARNING: [Board 49-26] cannot add Board Part xilinx.com:vcu108:part0:1.7 available at D:/Apps/Xilinx/Vivado/2022.2/data/xhub/boards/XilinxBoardStore/boards/Xilinx/vcu108/1.7/board.xml as part xcvu095-ffva2104-2-e specified in board_part file is either invalid or not available
WARNING: [Board 49-26] cannot add Board Part xilinx.com:vcu110:part0:1.4 available at D:/Apps/Xilinx/Vivado/2022.2/data/xhub/boards/XilinxBoardStore/boards/Xilinx/vcu110/1.4/board.xml as part xcvu190-flgc2104-2-e specified in board_part file is either invalid or not available
WARNING: [Board 49-26] cannot add Board Part xilinx.com:vcu118:part0:2.0 available at D:/Apps/Xilinx/Vivado/2022.2/data/xhub/boards/XilinxBoardStore/boards/Xilinx/vcu118/2.0/board.xml as part xcvu9p-flga2104-2l-e specified in board_part file is either invalid or not available
WARNING: [Board 49-26] cannot add Board Part xilinx.com:vcu118:part0:2.3 available at D:/Apps/Xilinx/Vivado/2022.2/data/xhub/boards/XilinxBoardStore/boards/Xilinx/vcu118/2.3/board.xml as part xcvu9p-flga2104-2l-e specified in board_part file is either invalid or not available
WARNING: [Board 49-26] cannot add Board Part xilinx.com:vcu118:part0:2.4 available at D:/Apps/Xilinx/Vivado/2022.2/data/xhub/boards/XilinxBoardStore/boards/Xilinx/vcu118/2.4/board.xml as part xcvu9p-flga2104-2l-e specified in board_part file is either invalid or not available
WARNING: [Board 49-26] cannot add Board Part xilinx.com:vcu128:part0:1.0 available at D:/Apps/Xilinx/Vivado/2022.2/data/xhub/boards/XilinxBoardStore/boards/Xilinx/vcu128/production/1.0/board.xml as part xcvu37p-fsvh2892-2l-e specified in board_part file is either invalid or not available
WARNING: [Board 49-26] cannot add Board Part xilinx.com:vcu129:part0:1.0 available at D:/Apps/Xilinx/Vivado/2022.2/data/xhub/boards/XilinxBoardStore/boards/Xilinx/vcu129/production/1.0/board.xml as part xcvu29p-fsga2577-2l-e specified in board_part file is either invalid or not available
WARNING: [Board 49-26] cannot add Board Part xilinx.com:vcu1525:part0:1.3 available at D:/Apps/Xilinx/Vivado/2022.2/data/xhub/boards/XilinxBoardStore/boards/Xilinx/vcu1525/1.3/board.xml as part xcvu9p-fsgd2104-2l-e specified in board_part file is either invalid or not available
WARNING: [Board 49-26] cannot add Board Part xilinx.com:vek280_es:part0:1.0 available at D:/Apps/Xilinx/Vivado/2022.2/data/xhub/boards/XilinxBoardStore/boards/Xilinx/vek280/es/1.0/board.xml as part xcve2802-vsvh1760-2lp-e-s-es1 specified in board_part file is either invalid or not available
WARNING: [Board 49-26] cannot add Board Part xilinx.com:vermeo_t1_mpsoc:part0:1.0 available at D:/Apps/Xilinx/Vivado/2022.2/data/xhub/boards/XilinxBoardStore/boards/Xilinx/vermeo_t1_mpsoc/1.0/board.xml as part xczu19eg-ffvd1760-2l-e specified in board_part file is either invalid or not available
WARNING: [Board 49-26] cannot add Board Part xilinx.com:vermeo_t1_rfsoc:part0:1.0 available at D:/Apps/Xilinx/Vivado/2022.2/data/xhub/boards/XilinxBoardStore/boards/Xilinx/vermeo_t1_rfsoc/1.0/board.xml as part xczu21dr-ffvd1156-2l-e specified in board_part file is either invalid or not available
WARNING: [Board 49-26] cannot add Board Part xilinx.com:vhk158_es:part0:1.0 available at D:/Apps/Xilinx/Vivado/2022.2/data/xhub/boards/XilinxBoardStore/boards/Xilinx/vhk158/es/1.0/board.xml as part xcvh1582-vsva3697-2mp-e-s-es1 specified in board_part file is either invalid or not available
WARNING: [Board 49-26] cannot add Board Part xilinx.com:vmk180:part0:2.2 available at D:/Apps/Xilinx/Vivado/2022.2/data/xhub/boards/XilinxBoardStore/boards/Xilinx/vmk180/production/2.2/board.xml as part xcvm1802-vsva2197-2mp-e-s specified in board_part file is either invalid or not available
WARNING: [Board 49-26] cannot add Board Part xilinx.com:vmk180:part0:3.0 available at D:/Apps/Xilinx/Vivado/2022.2/data/xhub/boards/XilinxBoardStore/boards/Xilinx/vmk180/production/3.0/board.xml as part xcvm1802-vsva2197-2mp-e-s specified in board_part file is either invalid or not available
WARNING: [Board 49-26] cannot add Board Part xilinx.com:vmk180:part0:3.1 available at D:/Apps/Xilinx/Vivado/2022.2/data/xhub/boards/XilinxBoardStore/boards/Xilinx/vmk180/production/3.1/board.xml as part xcvm1802-vsva2197-2mp-e-s specified in board_part file is either invalid or not available
WARNING: [Board 49-26] cannot add Board Part xilinx.com:vmk180_newl:part0:1.0 available at D:/Apps/Xilinx/Vivado/2022.2/data/xhub/boards/XilinxBoardStore/boards/Xilinx/vmk180_newl/production/1.0/board.xml as part xcvm1802-vsva2197-2mp-e-s specified in board_part file is either invalid or not available
WARNING: [Board 49-26] cannot add Board Part xilinx.com:vpk120:part0:1.0 available at D:/Apps/Xilinx/Vivado/2022.2/data/xhub/boards/XilinxBoardStore/boards/Xilinx/vpk120/production/1.0/board.xml as part xcvp1202-vsva2785-2mp-e-s specified in board_part file is either invalid or not available
WARNING: [Board 49-26] cannot add Board Part xilinx.com:vpk120_es:part0:1.2 available at D:/Apps/Xilinx/Vivado/2022.2/data/xhub/boards/XilinxBoardStore/boards/Xilinx/vpk120/es/1.2/board.xml as part xcvp1202-vsva2785-2mp-e-s-es1 specified in board_part file is either invalid or not available
WARNING: [Board 49-26] cannot add Board Part xilinx.com:vpk120_es_revb:part0:1.0 available at D:/Apps/Xilinx/Vivado/2022.2/data/xhub/boards/XilinxBoardStore/boards/Xilinx/vpk120_revb/es/1.0/board.xml as part xcvp1202-vsva2785-2mp-e-s-es1 specified in board_part file is either invalid or not available
WARNING: [Board 49-26] cannot add Board Part xilinx.com:vpk180_es:part0:1.0 available at D:/Apps/Xilinx/Vivado/2022.2/data/xhub/boards/XilinxBoardStore/boards/Xilinx/vpk180/es/1.0/board.xml as part xcvp1802-lsvc4072-2mp-e-s-es1 specified in board_part file is either invalid or not available
WARNING: [Board 49-26] cannot add Board Part xilinx.com:zc706:part0:1.4 available at D:/Apps/Xilinx/Vivado/2022.2/data/xhub/boards/XilinxBoardStore/boards/Xilinx/zc706/1.4/board.xml as part xc7z045ffg900-2 specified in board_part file is either invalid or not available
WARNING: [Board 49-26] cannot add Board Part xilinx.com:zcu102:part0:3.3 available at D:/Apps/Xilinx/Vivado/2022.2/data/xhub/boards/XilinxBoardStore/boards/Xilinx/zcu102/3.3/board.xml as part xczu9eg-ffvb1156-2-e specified in board_part file is either invalid or not available
WARNING: [Board 49-26] cannot add Board Part xilinx.com:zcu102:part0:3.4 available at D:/Apps/Xilinx/Vivado/2022.2/data/xhub/boards/XilinxBoardStore/boards/Xilinx/zcu102/3.4/board.xml as part xczu9eg-ffvb1156-2-e specified in board_part file is either invalid or not available
WARNING: [Board 49-26] cannot add Board Part xilinx.com:zcu111:part0:1.2 available at D:/Apps/Xilinx/Vivado/2022.2/data/xhub/boards/XilinxBoardStore/boards/Xilinx/zcu111/1.2/board.xml as part xczu28dr-ffvg1517-2-e specified in board_part file is either invalid or not available
WARNING: [Board 49-26] cannot add Board Part xilinx.com:zcu111:part0:1.3 available at D:/Apps/Xilinx/Vivado/2022.2/data/xhub/boards/XilinxBoardStore/boards/Xilinx/zcu111/1.3/board.xml as part xczu28dr-ffvg1517-2-e specified in board_part file is either invalid or not available
WARNING: [Board 49-26] cannot add Board Part xilinx.com:zcu111:part0:1.4 available at D:/Apps/Xilinx/Vivado/2022.2/data/xhub/boards/XilinxBoardStore/boards/Xilinx/zcu111/1.4/board.xml as part xczu28dr-ffvg1517-2-e specified in board_part file is either invalid or not available
WARNING: [Board 49-26] cannot add Board Part xilinx.com:zcu1275:part0:1.0 available at D:/Apps/Xilinx/Vivado/2022.2/data/xhub/boards/XilinxBoardStore/boards/Xilinx/zcu1275/1.0/board.xml as part xczu29dr-ffvf1760-2-e specified in board_part file is either invalid or not available
WARNING: [Board 49-26] cannot add Board Part xilinx.com:zcu1285:part0:1.0 available at D:/Apps/Xilinx/Vivado/2022.2/data/xhub/boards/XilinxBoardStore/boards/Xilinx/zcu1285/1.0/board.xml as part xczu39dr-ffvf1760-2-i specified in board_part file is either invalid or not available
WARNING: [Board 49-26] cannot add Board Part xilinx.com:zcu208:part0:2.0 available at D:/Apps/Xilinx/Vivado/2022.2/data/xhub/boards/XilinxBoardStore/boards/Xilinx/zcu208/production/2.0/board.xml as part xczu48dr-fsvg1517-2-e specified in board_part file is either invalid or not available
WARNING: [Board 49-26] cannot add Board Part xilinx.com:zcu208ld:part0:2.0 available at D:/Apps/Xilinx/Vivado/2022.2/data/xhub/boards/XilinxBoardStore/boards/Xilinx/zcu208ld/production/2.0/board.xml as part xczu58dr-fsvg1517-2-i specified in board_part file is either invalid or not available
WARNING: [Board 49-26] cannot add Board Part xilinx.com:zcu216:part0:2.0 available at D:/Apps/Xilinx/Vivado/2022.2/data/xhub/boards/XilinxBoardStore/boards/Xilinx/zcu216/production/2.0/board.xml as part xczu49dr-ffvf1760-2-e specified in board_part file is either invalid or not available
WARNING: [Board 49-26] cannot add Board Part xilinx.com:zcu216ld:part0:2.0 available at D:/Apps/Xilinx/Vivado/2022.2/data/xhub/boards/XilinxBoardStore/boards/Xilinx/zcu216ld/production/2.0/board.xml as part xczu59dr-ffvf1760-2-i specified in board_part file is either invalid or not available
WARNING: [Board 49-26] cannot add Board Part xilinx.com:zcu670:part0:2.0 available at D:/Apps/Xilinx/Vivado/2022.2/data/xhub/boards/XilinxBoardStore/boards/Xilinx/zcu670/2.0/board.xml as part xczu67dr-fsve1156-2-i specified in board_part file is either invalid or not available
WARNING: [Board 49-26] cannot add Board Part xilinx.com:zcu670ld:part0:1.0 available at D:/Apps/Xilinx/Vivado/2022.2/data/xhub/boards/XilinxBoardStore/boards/Xilinx/zcu670ld/1.0/board.xml as part xczu57dr-fsve1156-2-i specified in board_part file is either invalid or not available
INFO: [IP_Flow 19-234] Refreshing IP repositories
INFO: [IP_Flow 19-1700] Loaded user IP repository 'c:/Users/THUAN/Downloads/project_1'.
INFO: [IP_Flow 19-795] Syncing license key meta-data
ipx::current_core c:/Users/THUAN/Downloads/project_1/component.xml
update_compile_order -fileset sources_1
update_compile_order -fileset sim_1
set_property name hqc_axi_wrapper [ipx::current_core]
set_property display_name hqc_axi_wrapper [ipx::current_core]
set_property description hqc_axi_wrapper [ipx::current_core]
ipx::merge_project_changes files [ipx::current_core]
WARNING: [IP_Flow 19-3833] Unreferenced file from the top module is not packaged: 'c:/Users/THUAN/Downloads/project_1/src/keygen_tb.v'.
WARNING: [IP_Flow 19-5226] Project source file 'c:/Users/THUAN/Downloads/project_1/component.xml' ignored by IP packager.
WARNING: [IP_Flow 19-5109] File Group 'xilinx_anylanguagesynthesis (Synthesis)': File 'c:/Users/THUAN/Downloads/project_1/src/keygen_tb.v' does not exist in the project sources. It has been removed from the packaged IP. If still required, please add this file to the project, merge sources and re-package.
WARNING: [IP_Flow 19-5109] File Group 'xilinx_anylanguagebehavioralsimulation (Simulation)': File 'c:/Users/THUAN/Downloads/project_1/src/keygen_tb.v' does not exist in the project sources. It has been removed from the packaged IP. If still required, please add this file to the project, merge sources and re-package.
WARNING: [IP_Flow 19-5109] File Group 'xilinx_testbench (Test Bench)': File 'c:/Users/THUAN/Downloads/project_1/src/clog2.v' does not exist in the project sources. It has been removed from the packaged IP. If still required, please add this file to the project, merge sources and re-package.
WARNING: [IP_Flow 19-5109] File Group 'xilinx_testbench (Test Bench)': File 'c:/Users/THUAN/Downloads/project_1/src/keccak_math.v' does not exist in the project sources. It has been removed from the packaged IP. If still required, please add this file to the project, merge sources and re-package.
WARNING: [IP_Flow 19-5109] File Group 'xilinx_testbench (Test Bench)': File 'c:/Users/THUAN/Downloads/project_1/src/keccak_pkg.v' does not exist in the project sources. It has been removed from the packaged IP. If still required, please add this file to the project, merge sources and re-package.
set_property previous_version_for_upgrade xilinx.com:user:axi_wrapper:1.0 [ipx::current_core]
set_property core_revision 1 [ipx::current_core]
ipx::create_xgui_files [ipx::current_core]
ipx::update_checksums [ipx::current_core]
ipx::check_integrity [ipx::current_core]
INFO: [IP_Flow 19-2181] Payment Required is not set for this core.
INFO: [IP_Flow 19-2187] The Product Guide file is missing.
INFO: [Ipptcl 7-1486] check_integrity: Integrity check passed.
ipx::save_core [ipx::current_core]
ipx::move_temp_component_back -component [ipx::current_core]
close_project -delete
update_ip_catalog -rebuild -repo_path c:/Users/THUAN/Downloads/project_1
INFO: [IP_Flow 19-725] Reloaded user IP repository 'c:/Users/THUAN/Downloads/project_1'
open_bd_design {C:/Users/THUAN/Downloads/project_1/project_1.srcs/sources_1/bd/hqc_accelerator/hqc_accelerator.bd}
Reading block design file <C:/Users/THUAN/Downloads/project_1/project_1.srcs/sources_1/bd/hqc_accelerator/hqc_accelerator.bd>...
Successfully read diagram <hqc_accelerator> from block design file <C:/Users/THUAN/Downloads/project_1/project_1.srcs/sources_1/bd/hqc_accelerator/hqc_accelerator.bd>
startgroup
create_bd_cell -type ip -vlnv xilinx.com:ip:zynq_ultra_ps_e:3.4 zynq_ultra_ps_e_0
endgroup
apply_bd_automation -rule xilinx.com:bd_rule:zynq_ultra_ps_e -config {apply_board_preset "1" }  [get_bd_cells zynq_ultra_ps_e_0]
startgroup
create_bd_cell -type ip -vlnv xilinx.com:user:hqc_axi_wrapper:1.0 hqc_axi_wrapper_0
endgroup
apply_bd_automation -rule xilinx.com:bd_rule:axi4 -config { Clk_master {Auto} Clk_slave {Auto} Clk_xbar {Auto} Master {/zynq_ultra_ps_e_0/M_AXI_HPM0_FPD} Slave {/hqc_axi_wrapper_0/s00_axi} ddr_seg {Auto} intc_ip {New AXI Interconnect} master_apm {0}}  [get_bd_intf_pins hqc_axi_wrapper_0/s00_axi]
INFO: [Ipptcl 7-1463] No Compatible Board Interface found. Board Tab not created in customize GUI
Slave segment '/hqc_axi_wrapper_0/s00_axi/reg0' is being assigned into address space '/zynq_ultra_ps_e_0/Data' at <0xA000_0000 [ 4K ]>.
apply_bd_automation -rule xilinx.com:bd_rule:axi4 -config { Clk_master {Auto} Clk_slave {/zynq_ultra_ps_e_0/pl_clk0 (99 MHz)} Clk_xbar {/zynq_ultra_ps_e_0/pl_clk0 (99 MHz)} Master {/zynq_ultra_ps_e_0/M_AXI_HPM1_FPD} Slave {/hqc_axi_wrapper_0/s00_axi} ddr_seg {Auto} intc_ip {/ps8_0_axi_periph} master_apm {0}}  [get_bd_intf_pins zynq_ultra_ps_e_0/M_AXI_HPM1_FPD]
save_bd_design
Wrote  : <C:\Users\THUAN\Downloads\project_1\project_1.srcs\sources_1\bd\hqc_accelerator\hqc_accelerator.bd> 
Wrote  : <C:/Users/THUAN/Downloads/project_1/project_1.srcs/sources_1/bd/hqc_accelerator/ui/bd_fb1cf486.ui> 
close_bd_design [get_bd_designs hqc_accelerator]
update_ip_catalog -rebuild -scan_changes
INFO: [IP_Flow 19-234] Refreshing IP repositories
INFO: [IP_Flow 19-1700] Loaded user IP repository 'c:/Users/THUAN/Downloads/project_1'.
report_ip_status -name ip_status
upgrade_ip -vlnv xilinx.com:user:hqc_axi_wrapper:1.0 [get_ips  hqc_accelerator_hqc_axi_wrapper_0_0] -log ip_upgrade.log
Reading block design file <C:/Users/THUAN/Downloads/project_1/project_1.srcs/sources_1/bd/hqc_accelerator/hqc_accelerator.bd>...
Adding component instance block -- xilinx.com:ip:zynq_ultra_ps_e:3.4 - zynq_ultra_ps_e_0
Adding component instance block -- xilinx.com:user:hqc_axi_wrapper:1.0 - hqc_axi_wrapper_0
Adding component instance block -- xilinx.com:ip:axi_interconnect:2.1 - ps8_0_axi_periph
Adding component instance block -- xilinx.com:ip:axi_crossbar:2.1 - xbar
Adding component instance block -- xilinx.com:ip:proc_sys_reset:5.0 - rst_ps8_0_99M
Successfully read diagram <hqc_accelerator> from block design file <C:/Users/THUAN/Downloads/project_1/project_1.srcs/sources_1/bd/hqc_accelerator/hqc_accelerator.bd>
Upgrading 'C:/Users/THUAN/Downloads/project_1/project_1.srcs/sources_1/bd/hqc_accelerator/hqc_accelerator.bd'
INFO: [IP_Flow 19-3420] Updated hqc_accelerator_hqc_axi_wrapper_0_0 to use current project options
Wrote  : <C:\Users\THUAN\Downloads\project_1\project_1.srcs\sources_1\bd\hqc_accelerator\hqc_accelerator.bd> 
Wrote  : <C:/Users/THUAN/Downloads/project_1/project_1.srcs/sources_1/bd/hqc_accelerator/ui/bd_fb1cf486.ui> 
INFO: [Coretcl 2-1525] Wrote upgrade log to 'C:/Users/THUAN/Downloads/project_1/ip_upgrade.log'.
export_ip_user_files -of_objects [get_ips hqc_accelerator_hqc_axi_wrapper_0_0] -no_script -sync -force -quiet
close_bd_design [get_bd_designs hqc_accelerator]
Wrote  : <C:/Users/THUAN/Downloads/project_1/project_1.srcs/sources_1/bd/hqc_accelerator/ui/bd_fb1cf486.ui> 
ipx::unload_core c:/Users/THUAN/Downloads/project_1/component.xml
report_ip_status -name ip_status 
set_property top encap_tb_fd [get_filesets sim_1]
set_property top_lib xil_defaultlib [get_filesets sim_1]
update_compile_order -fileset sim_1
launch_simulation
Command: launch_simulation 
INFO: [Vivado 12-12493] Simulation top is 'encap_tb_fd'
WARNING: [Vivado 12-13340] Unable to auto find GCC executables from simulator install path! (path not set)
INFO: [Vivado 12-12490] The selected simulation model for 'hqc_accelerator_hqc_axi_wrapper_0_0' IP changed to 'rtl' from '', the simulation run directory will be deleted.
WARNING: [Vivado 12-13277] Compiled library path does not exist: ''
INFO: [Vivado 12-5682] Launching behavioral simulation in 'C:/Users/THUAN/Downloads/project_1/project_1.sim/sim_1/behav/xsim'
INFO: [SIM-utils-51] Simulation object is 'sim_1'
INFO: [SIM-utils-72] Using boost library from 'D:/Apps/Xilinx/Vivado/2022.2/tps/boost_1_72_0'
INFO: [USF-XSim-7] Finding pre-compiled libraries...
INFO: [USF-XSim-11] File 'D:/Apps/Xilinx/Vivado/2022.2/data/xsim/xsim.ini' copied to run dir:'C:/Users/THUAN/Downloads/project_1/project_1.sim/sim_1/behav/xsim'
INFO: [SIM-utils-54] Inspecting design source files for 'encap_tb_fd' in fileset 'sim_1'...
INFO: [SIM-utils-43] Exported 'C:/Users/THUAN/Downloads/project_1/project_1.sim/sim_1/behav/xsim/barrett_hqc_192.mem'
INFO: [SIM-utils-43] Exported 'C:/Users/THUAN/Downloads/project_1/project_1.sim/sim_1/behav/xsim/barrett_hqc_128.mem'
INFO: [SIM-utils-43] Exported 'C:/Users/THUAN/Downloads/project_1/project_1.sim/sim_1/behav/xsim/barrett_hqc_256.mem'
INFO: [USF-XSim-97] Finding global include files...
INFO: [USF-XSim-98] Fetching design files from 'sim_1'...
INFO: [USF-XSim-2] XSim::Compile design
INFO: [USF-XSim-61] Executing 'COMPILE and ANALYZE' step in 'C:/Users/THUAN/Downloads/project_1/project_1.sim/sim_1/behav/xsim'
"xvlog --incr --relax -prj encap_tb_fd_vlog.prj"
INFO: [VRFC 10-2263] Analyzing Verilog file "C:/Users/THUAN/Downloads/new/HQC_wrapper.v" into library xil_defaultlib
INFO: [VRFC 10-311] analyzing module HQC_wrapper
INFO: [VRFC 10-2263] Analyzing Verilog file "C:/Users/THUAN/Downloads/new/add_fft.v" into library xil_defaultlib
INFO: [VRFC 10-311] analyzing module add_fft
INFO: [VRFC 10-2263] Analyzing Verilog file "C:/Users/THUAN/Downloads/new/barrett_red_gen.v" into library xil_defaultlib
INFO: [VRFC 10-311] analyzing module barrett_red_gen
INFO: [VRFC 10-2263] Analyzing Verilog file "C:/Users/THUAN/Downloads/new/cdw_xor_tmp.v" into library xil_defaultlib
INFO: [VRFC 10-311] analyzing module cdw_xor_tmp
INFO: [VRFC 10-2263] Analyzing Verilog file "C:/Users/THUAN/Downloads/new/concat_code.v" into library xil_defaultlib
INFO: [VRFC 10-311] analyzing module concat_code
INFO: [VRFC 10-2263] Analyzing Verilog file "C:/Users/THUAN/Downloads/new/control_path.v" into library xil_defaultlib
INFO: [VRFC 10-311] analyzing module control_path
INFO: [VRFC 10-2263] Analyzing Verilog file "C:/Users/THUAN/Downloads/new/data_path.v" into library xil_defaultlib
INFO: [VRFC 10-311] analyzing module data_path
INFO: [VRFC 10-2263] Analyzing Verilog file "C:/Users/THUAN/Downloads/new/decap.v" into library xil_defaultlib
INFO: [VRFC 10-311] analyzing module decap
INFO: [VRFC 10-2263] Analyzing Verilog file "C:/Users/THUAN/Downloads/new/decrypt.v" into library xil_defaultlib
INFO: [VRFC 10-311] analyzing module decrypt
INFO: [VRFC 10-2263] Analyzing Verilog file "C:/Users/THUAN/Downloads/new/encap.v" into library xil_defaultlib
INFO: [VRFC 10-311] analyzing module encap
INFO: [VRFC 10-2263] Analyzing Verilog file "C:/Users/THUAN/Downloads/new/encrypt.v" into library xil_defaultlib
INFO: [VRFC 10-311] analyzing module encrypt
INFO: [VRFC 10-2263] Analyzing Verilog file "C:/Users/THUAN/Downloads/new/encrypt_parallel.v" into library xil_defaultlib
INFO: [VRFC 10-311] analyzing module encrypt_parallel
INFO: [VRFC 10-2263] Analyzing Verilog file "C:/Users/THUAN/Downloads/new/fft_leaves_butterfly.v" into library xil_defaultlib
INFO: [VRFC 10-311] analyzing module fft_leaves_butterfly
INFO: [VRFC 10-2263] Analyzing Verilog file "C:/Users/THUAN/Downloads/new/fft_part1.v" into library xil_defaultlib
INFO: [VRFC 10-311] analyzing module fft_part1
INFO: [VRFC 10-2263] Analyzing Verilog file "C:/Users/THUAN/Downloads/new/fft_part2.v" into library xil_defaultlib
INFO: [VRFC 10-311] analyzing module fft_part2
INFO: [VRFC 10-311] analyzing module fft_part2_round
INFO: [VRFC 10-2263] Analyzing Verilog file "C:/Users/THUAN/Downloads/new/fft_retrieve_error_poly.v" into library xil_defaultlib
INFO: [VRFC 10-311] analyzing module fft_retrieve_error_poly
INFO: [VRFC 10-2263] Analyzing Verilog file "C:/Users/THUAN/Downloads/new/fixed_weight.v" into library xil_defaultlib
INFO: [VRFC 10-311] analyzing module fixed_weight
INFO: [VRFC 10-2263] Analyzing Verilog file "C:/Users/THUAN/Downloads/new/fixed_weight_ct.v" into library xil_defaultlib
INFO: [VRFC 10-311] analyzing module fixed_weight_ct
INFO: [VRFC 10-2263] Analyzing Verilog file "C:/Users/THUAN/Downloads/new/fixed_weight_cww.v" into library xil_defaultlib
INFO: [VRFC 10-311] analyzing module fixed_weight_cww
INFO: [VRFC 10-2263] Analyzing Verilog file "C:/Users/THUAN/Downloads/new/gf_mul.v" into library xil_defaultlib
INFO: [VRFC 10-311] analyzing module gf_mul
INFO: [VRFC 10-2263] Analyzing Verilog file "C:/Users/THUAN/Downloads/new/gfmul_00.v" into library xil_defaultlib
INFO: [VRFC 10-311] analyzing module gfmul_00
INFO: [VRFC 10-2263] Analyzing Verilog file "C:/Users/THUAN/Downloads/new/gfmul_01.v" into library xil_defaultlib
INFO: [VRFC 10-311] analyzing module gfmul_01
INFO: [VRFC 10-2263] Analyzing Verilog file "C:/Users/THUAN/Downloads/new/hqc_barrett_red.v" into library xil_defaultlib
INFO: [VRFC 10-311] analyzing module hqc_barrett_red
INFO: [VRFC 10-2263] Analyzing Verilog file "C:/Users/THUAN/Downloads/new/hqc_decod_top.v" into library xil_defaultlib
INFO: [VRFC 10-311] analyzing module hqc_decod_top
INFO: [VRFC 10-2263] Analyzing Verilog file "C:/Users/THUAN/Downloads/new/hqc_kem_joint_design.v" into library xil_defaultlib
INFO: [VRFC 10-311] analyzing module hqc_kem_joint_design
INFO: [VRFC 10-2263] Analyzing Verilog file "C:/Users/THUAN/Downloads/new/hqc_rmdecod_ctrl.v" into library xil_defaultlib
INFO: [VRFC 10-311] analyzing module hqc_rmdecod_ctrl
INFO: [VRFC 10-2263] Analyzing Verilog file "C:/Users/THUAN/Downloads/new/hqc_rmdecod_expnsum.v" into library xil_defaultlib
INFO: [VRFC 10-311] analyzing module hqc_rmdecod_expnsum
INFO: [VRFC 10-2263] Analyzing Verilog file "C:/Users/THUAN/Downloads/new/hqc_rmdecod_findpeaks.v" into library xil_defaultlib
INFO: [VRFC 10-311] analyzing module hqc_rmdecod_findpeaks
INFO: [VRFC 10-311] analyzing module findpeaks_core
INFO: [VRFC 10-2263] Analyzing Verilog file "C:/Users/THUAN/Downloads/new/hqc_rmdecod_hadamard.v" into library xil_defaultlib
INFO: [VRFC 10-311] analyzing module hqc_rmdecod_hadamard
INFO: [VRFC 10-311] analyzing module hadamard_layer
INFO: [VRFC 10-2263] Analyzing Verilog file "C:/Users/THUAN/Downloads/new/hqc_rmdecod_top.v" into library xil_defaultlib
INFO: [VRFC 10-311] analyzing module hqc_rmdecod_top
INFO: [VRFC 10-2263] Analyzing Verilog file "C:/Users/THUAN/Downloads/new/hqc_rsdecod_elp.v" into library xil_defaultlib
INFO: [VRFC 10-311] analyzing module hqc_rsdecod_elp
INFO: [VRFC 10-2263] Analyzing Verilog file "C:/Users/THUAN/Downloads/new/hqc_rsdecod_err_val.v" into library xil_defaultlib
INFO: [VRFC 10-311] analyzing module hqc_rsdecod_err_val
INFO: [VRFC 10-2263] Analyzing Verilog file "C:/Users/THUAN/Downloads/new/hqc_rsdecod_roots.v" into library xil_defaultlib
INFO: [VRFC 10-311] analyzing module hqc_rsdecod_roots
INFO: [VRFC 10-2263] Analyzing Verilog file "C:/Users/THUAN/Downloads/new/hqc_rsdecod_syndromes.v" into library xil_defaultlib
INFO: [VRFC 10-311] analyzing module hqc_rsdecod_syndromes
INFO: [VRFC 10-2263] Analyzing Verilog file "C:/Users/THUAN/Downloads/new/hqc_rsdecod_top.v" into library xil_defaultlib
INFO: [VRFC 10-311] analyzing module hqc_rsdecod_top
INFO: [VRFC 10-2263] Analyzing Verilog file "C:/Users/THUAN/Downloads/new/hqc_rsdecod_zpoly.v" into library xil_defaultlib
INFO: [VRFC 10-311] analyzing module hqc_rsdecod_zpoly
INFO: [VRFC 10-2263] Analyzing Verilog file "C:/Users/THUAN/Downloads/new/karatsuba_small.v" into library xil_defaultlib
INFO: [VRFC 10-311] analyzing module karatsuba_small
INFO: [VRFC 10-2263] Analyzing Verilog file "C:/Users/THUAN/Downloads/new/keccak_top.v" into library xil_defaultlib
INFO: [VRFC 10-311] analyzing module keccak_top
INFO: [VRFC 10-2263] Analyzing Verilog file "C:/Users/THUAN/Downloads/new/keygen.v" into library xil_defaultlib
INFO: [VRFC 10-311] analyzing module keygen
INFO: [VRFC 10-2263] Analyzing Verilog file "C:/Users/THUAN/Downloads/new/loc_based_adder.v" into library xil_defaultlib
INFO: [VRFC 10-311] analyzing module loc_based_adder
INFO: [VRFC 10-2263] Analyzing Verilog file "C:/Users/THUAN/Downloads/new/mem_dual.v" into library xil_defaultlib
INFO: [VRFC 10-311] analyzing module mem_dual
INFO: [VRFC 10-2263] Analyzing Verilog file "C:/Users/THUAN/Downloads/new/mem_single.v" into library xil_defaultlib
INFO: [VRFC 10-311] analyzing module mem_single
INFO: [VRFC 10-2263] Analyzing Verilog file "C:/Users/THUAN/Downloads/new/mod34.v" into library xil_defaultlib
INFO: [VRFC 10-311] analyzing module mod34
INFO: [VRFC 10-2263] Analyzing Verilog file "C:/Users/THUAN/Downloads/new/onegen.v" into library xil_defaultlib
INFO: [VRFC 10-311] analyzing module onegen
INFO: [VRFC 10-2263] Analyzing Verilog file "C:/Users/THUAN/Downloads/new/onegen_ct.v" into library xil_defaultlib
INFO: [VRFC 10-311] analyzing module onegen_ct
INFO: [VRFC 10-2263] Analyzing Verilog file "C:/Users/THUAN/Downloads/new/poly_mult.v" into library xil_defaultlib
INFO: [VRFC 10-311] analyzing module poly_mult
INFO: [VRFC 10-2263] Analyzing Verilog file "C:/Users/THUAN/Downloads/new/rc.v" into library xil_defaultlib
INFO: [VRFC 10-311] analyzing module rc
INFO: [VRFC 10-2263] Analyzing Verilog file "C:/Users/THUAN/Downloads/new/reed_muller_encode.v" into library xil_defaultlib
INFO: [VRFC 10-311] analyzing module reed_muller_encode
INFO: [VRFC 10-2263] Analyzing Verilog file "C:/Users/THUAN/Downloads/new/reed_solomon_encode.v" into library xil_defaultlib
INFO: [VRFC 10-311] analyzing module reed_solomon_encode
INFO: [VRFC 10-2263] Analyzing Verilog file "C:/Users/THUAN/Downloads/new/rm_encoder.v" into library xil_defaultlib
INFO: [VRFC 10-311] analyzing module rm_encoder
INFO: [VRFC 10-2263] Analyzing Verilog file "C:/Users/THUAN/Downloads/new/state_ram.v" into library xil_defaultlib
INFO: [VRFC 10-311] analyzing module state_ram
INFO: [VRFC 10-2263] Analyzing Verilog file "C:/Users/THUAN/Downloads/new/stateram_inference.v" into library xil_defaultlib
INFO: [VRFC 10-311] analyzing module stateram_inference
INFO: [VRFC 10-2263] Analyzing Verilog file "C:/Users/THUAN/Downloads/new/syncfifo.v" into library xil_defaultlib
INFO: [VRFC 10-311] analyzing module syncfifo
INFO: [VRFC 10-2263] Analyzing Verilog file "C:/Users/THUAN/Downloads/new/transform.v" into library xil_defaultlib
INFO: [VRFC 10-311] analyzing module transform
INFO: [VRFC 10-2263] Analyzing Verilog file "C:/Users/THUAN/Downloads/new/v_minus_uy.v" into library xil_defaultlib
INFO: [VRFC 10-311] analyzing module v_minus_uy
INFO: [VRFC 10-2263] Analyzing Verilog file "C:/Users/THUAN/Downloads/new/vect_set_random.v" into library xil_defaultlib
INFO: [VRFC 10-311] analyzing module vect_set_random
INFO: [VRFC 10-2263] Analyzing Verilog file "C:/Users/THUAN/Downloads/new/xor_based_adder.v" into library xil_defaultlib
INFO: [VRFC 10-311] analyzing module xor_based_adder
INFO: [VRFC 10-2263] Analyzing Verilog file "C:/Users/THUAN/Downloads/new/encap_tb_fd.v" into library xil_defaultlib
INFO: [VRFC 10-311] analyzing module encap_tb_fd
INFO: [VRFC 10-2263] Analyzing Verilog file "C:/Users/THUAN/Downloads/project_1/project_1.sim/sim_1/behav/xsim/glbl.v" into library xil_defaultlib
INFO: [VRFC 10-311] analyzing module glbl
run_program: Time (s): cpu = 00:00:00 ; elapsed = 00:00:06 . Memory (MB): peak = 2304.375 ; gain = 0.000
INFO: [USF-XSim-69] 'compile' step finished in '5' seconds
INFO: [USF-XSim-3] XSim::Elaborate design
INFO: [USF-XSim-61] Executing 'ELABORATE' step in 'C:/Users/THUAN/Downloads/project_1/project_1.sim/sim_1/behav/xsim'
"xelab --incr --debug typical --relax --mt 2 -L xil_defaultlib -L unisims_ver -L unimacro_ver -L secureip -L xpm --snapshot encap_tb_fd_behav xil_defaultlib.encap_tb_fd xil_defaultlib.glbl -log elaborate.log"
Vivado Simulator v2022.2
Copyright 1986-1999, 2001-2022 Xilinx, Inc. All Rights Reserved.
Running: D:/Apps/Xilinx/Vivado/2022.2/bin/unwrapped/win64.o/xelab.exe --incr --debug typical --relax --mt 2 -L xil_defaultlib -L unisims_ver -L unimacro_ver -L secureip -L xpm --snapshot encap_tb_fd_behav xil_defaultlib.encap_tb_fd xil_defaultlib.glbl -log elaborate.log 
Using 2 slave threads.
Starting static elaboration
Pass Through NonSizing Optimizer
ERROR: [VRFC 10-2991] 'POLY_MULT' is not declared under prefix 'ENCRYPT' [C:/Users/THUAN/Downloads/new/encap_tb_fd.v:169]
ERROR: [VRFC 10-2991] 'POLY_MULT' is not declared under prefix 'ENCRYPT' [C:/Users/THUAN/Downloads/new/encap_tb_fd.v:176]
ERROR: [VRFC 10-2991] 'POLY_MULT' is not declared under prefix 'ENCRYPT' [C:/Users/THUAN/Downloads/new/encap_tb_fd.v:183]
ERROR: [XSIM 43-3322] Static elaboration of top level Verilog design unit(s) in library work failed.
INFO: [USF-XSim-69] 'elaborate' step finished in '2' seconds
INFO: [USF-XSim-99] Step results log file:'C:/Users/THUAN/Downloads/project_1/project_1.sim/sim_1/behav/xsim/elaborate.log'
ERROR: [USF-XSim-62] 'elaborate' step failed with error(s). Please check the Tcl console output or 'C:/Users/THUAN/Downloads/project_1/project_1.sim/sim_1/behav/xsim/elaborate.log' file for more information.
ERROR: [Vivado 12-4473] Detected error while running simulation. Please correct the issue and retry this operation.
launch_simulation: Time (s): cpu = 00:00:01 ; elapsed = 00:00:09 . Memory (MB): peak = 2304.375 ; gain = 4.352
ERROR: [Common 17-39] 'launch_simulation' failed due to earlier errors.
set_property top keygen_tb [get_filesets sim_1]
set_property top_lib xil_defaultlib [get_filesets sim_1]
launch_simulation
Command: launch_simulation 
INFO: [Vivado 12-12493] Simulation top is 'keygen_tb'
WARNING: [Vivado 12-13340] Unable to auto find GCC executables from simulator install path! (path not set)
WARNING: [Vivado 12-13277] Compiled library path does not exist: ''
INFO: [Vivado 12-5682] Launching behavioral simulation in 'C:/Users/THUAN/Downloads/project_1/project_1.sim/sim_1/behav/xsim'
INFO: [SIM-utils-51] Simulation object is 'sim_1'
INFO: [SIM-utils-72] Using boost library from 'D:/Apps/Xilinx/Vivado/2022.2/tps/boost_1_72_0'
INFO: [USF-XSim-7] Finding pre-compiled libraries...
INFO: [USF-XSim-11] File 'D:/Apps/Xilinx/Vivado/2022.2/data/xsim/xsim.ini' copied to run dir:'C:/Users/THUAN/Downloads/project_1/project_1.sim/sim_1/behav/xsim'
INFO: [SIM-utils-54] Inspecting design source files for 'keygen_tb' in fileset 'sim_1'...
INFO: [SIM-utils-43] Exported 'C:/Users/THUAN/Downloads/project_1/project_1.sim/sim_1/behav/xsim/barrett_hqc_192.mem'
INFO: [SIM-utils-43] Exported 'C:/Users/THUAN/Downloads/project_1/project_1.sim/sim_1/behav/xsim/barrett_hqc_128.mem'
INFO: [SIM-utils-43] Exported 'C:/Users/THUAN/Downloads/project_1/project_1.sim/sim_1/behav/xsim/barrett_hqc_256.mem'
INFO: [USF-XSim-97] Finding global include files...
INFO: [USF-XSim-98] Fetching design files from 'sim_1'...
INFO: [USF-XSim-2] XSim::Compile design
INFO: [USF-XSim-61] Executing 'COMPILE and ANALYZE' step in 'C:/Users/THUAN/Downloads/project_1/project_1.sim/sim_1/behav/xsim'
"xvlog --incr --relax -prj keygen_tb_vlog.prj"
INFO: [VRFC 10-2263] Analyzing Verilog file "C:/Users/THUAN/Downloads/new/keygen_tb.v" into library xil_defaultlib
INFO: [VRFC 10-311] analyzing module keygen_tb
INFO: [USF-XSim-69] 'compile' step finished in '1' seconds
INFO: [USF-XSim-3] XSim::Elaborate design
INFO: [USF-XSim-61] Executing 'ELABORATE' step in 'C:/Users/THUAN/Downloads/project_1/project_1.sim/sim_1/behav/xsim'
"xelab --incr --debug typical --relax --mt 2 -L xil_defaultlib -L unisims_ver -L unimacro_ver -L secureip -L xpm --snapshot keygen_tb_behav xil_defaultlib.keygen_tb xil_defaultlib.glbl -log elaborate.log"
Vivado Simulator v2022.2
Copyright 1986-1999, 2001-2022 Xilinx, Inc. All Rights Reserved.
Running: D:/Apps/Xilinx/Vivado/2022.2/bin/unwrapped/win64.o/xelab.exe --incr --debug typical --relax --mt 2 -L xil_defaultlib -L unisims_ver -L unimacro_ver -L secureip -L xpm --snapshot keygen_tb_behav xil_defaultlib.keygen_tb xil_defaultlib.glbl -log elaborate.log 
Using 2 slave threads.
Starting static elaboration
Pass Through NonSizing Optimizer
WARNING: [VRFC 10-3091] actual bit length 32 differs from formal bit length 16 for port 'gpio_ctrl' [C:/Users/THUAN/Downloads/new/keygen_tb.v:35]
Completed static elaboration
Starting simulation data flow analysis
Completed simulation data flow analysis
Time Resolution for simulation is 1ps
Compiling module xil_defaultlib.mem_dual(WIDTH=15,DEPTH=66)
Compiling module xil_defaultlib.mem_dual(WIDTH=32,DEPTH=16)
Compiling module xil_defaultlib.mem_dual(WIDTH=128,DEPTH=139)
Compiling module xil_defaultlib.mem_single(WIDTH=32,DEPTH=10)
Compiling module xil_defaultlib.mem_dual(WIDTH=24,DEPTH=264)
Compiling module xil_defaultlib.hqc_barrett_red_default
Compiling module xil_defaultlib.mem_single(WIDTH=15,DEPTH=66)
Compiling module xil_defaultlib.mem_dual(WIDTH=32,DEPTH=553)
Compiling module xil_defaultlib.onegen_ct(E0_DEPTH=553,DEPTH=553...
Compiling module xil_defaultlib.fixed_weight_ct(N=17669,M=15,WEI...
Compiling module xil_defaultlib.vect_set_random(N=17669)
Compiling module xil_defaultlib.loc_based_adder(WIDTH=128)
Compiling module xil_defaultlib.keygen(N=17669,CT_DESIGN=2'b01)
Compiling module xil_defaultlib.mem_single(WIDTH=32,DEPTH=4)
Compiling module xil_defaultlib.mem_single(WIDTH=32,DEPTH=16)
Compiling module xil_defaultlib.mem_dual(WIDTH=24,DEPTH=450)
Compiling module xil_defaultlib.mem_single(WIDTH=15,DEPTH=75)
Compiling module xil_defaultlib.onegen_ct(E0_DEPTH=553,DEPTH=553...
Compiling module xil_defaultlib.fixed_weight_ct(N=17669,M=15,WEI...
Compiling module xil_defaultlib.gf_mul_default
Compiling module xil_defaultlib.cdw_xor_tmp_default
Compiling module xil_defaultlib.reed_solomon_encode_default
Compiling module xil_defaultlib.rm_encoder
Compiling module xil_defaultlib.mem_single(WIDTH=128,DEPTH=46)
Compiling module xil_defaultlib.reed_muller_encode_default
Compiling module xil_defaultlib.concat_code(parameter_set="hqc12...
Compiling module xil_defaultlib.mem_single(WIDTH=128,DEPTH=139)
Compiling module xil_defaultlib.loc_based_adder(N=17669,WEIGHT=7...
Compiling module xil_defaultlib.xor_based_adder(parameter_set="h...
Compiling module xil_defaultlib.encrypt(CT_DESIGN=2'b01)
Compiling module xil_defaultlib.mod34
Compiling module xil_defaultlib.mem_single(WIDTH=32,DEPTH=1143)
Compiling module xil_defaultlib.encap_default
Compiling module xil_defaultlib.v_minus_uy(parameter_set="hqc128...
Compiling module xil_defaultlib.hqc_rmdecod_expnsum_default
Compiling module xil_defaultlib.syncfifo(DW=4,AW=5)
Compiling module xil_defaultlib.hadamard_layer_default
Compiling module xil_defaultlib.syncfifo(DW=5,AW=5)
Compiling module xil_defaultlib.hadamard_layer(NN=4)
Compiling module xil_defaultlib.syncfifo(DW=6,AW=5)
Compiling module xil_defaultlib.hadamard_layer(NN=5)
Compiling module xil_defaultlib.syncfifo(DW=7,AW=5)
Compiling module xil_defaultlib.hadamard_layer(NN=6)
Compiling module xil_defaultlib.syncfifo(DW=8,AW=5)
Compiling module xil_defaultlib.hadamard_layer(NN=7)
Compiling module xil_defaultlib.syncfifo(DW=9,AW=5)
Compiling module xil_defaultlib.hadamard_layer(NN=8)
Compiling module xil_defaultlib.syncfifo(DW=10,AW=5)
Compiling module xil_defaultlib.hadamard_layer(NN=9)
Compiling module xil_defaultlib.hqc_rmdecod_hadamard_default
Compiling module xil_defaultlib.findpeaks_core(DOUT_W=7)
Compiling module xil_defaultlib.hqc_rmdecod_findpeaks_default
Compiling module xil_defaultlib.hqc_rmdecod_ctrl_default
Compiling module xil_defaultlib.hqc_rmdecod_top_default
Compiling module xil_defaultlib.gfmul_01
Compiling module xil_defaultlib.hqc_rsdecod_syndromes_default
Compiling module xil_defaultlib.gfmul_00
Compiling module xil_defaultlib.hqc_rsdecod_elp_default
Compiling module xil_defaultlib.hqc_rsdecod_zpoly_default
Compiling module xil_defaultlib.fft_part1(DIN_W=256)
Compiling module xil_defaultlib.fft_leaves_butterfly
Compiling module xil_defaultlib.syncfifo(DW=8,AW=4)
Compiling module xil_defaultlib.fft_part2_round_default
Compiling module xil_defaultlib.fft_part2_round(ROUND=1)
Compiling module xil_defaultlib.syncfifo(DW=8,AW=6)
Compiling module xil_defaultlib.fft_part2_round(ROUND=2)
Compiling module xil_defaultlib.syncfifo(DW=8)
Compiling module xil_defaultlib.fft_part2_round(ROUND=3)
Compiling module xil_defaultlib.fft_part2_default
Compiling module xil_defaultlib.add_fft
Compiling module xil_defaultlib.fft_retrieve_error_poly_default
Compiling module xil_defaultlib.hqc_rsdecod_roots_default
Compiling module xil_defaultlib.hqc_rsdecod_err_val_default
Compiling module xil_defaultlib.hqc_rsdecod_top_default
Compiling module xil_defaultlib.hqc_decod_top_default
Compiling module xil_defaultlib.decrypt_default
Compiling module xil_defaultlib.decap_default
Compiling module xil_defaultlib.control_path
Compiling module xil_defaultlib.rc
Compiling module xil_defaultlib.transform
Compiling module xil_defaultlib.stateram_inference_default
Compiling module xil_defaultlib.stateram_inference(i=1)
Compiling module xil_defaultlib.stateram_inference(i=2)
Compiling module xil_defaultlib.stateram_inference(i=3)
Compiling module xil_defaultlib.stateram_inference(i=4)
Compiling module xil_defaultlib.stateram_inference(i=5)
Compiling module xil_defaultlib.stateram_inference(i=6)
Compiling module xil_defaultlib.stateram_inference(i=7)
Compiling module xil_defaultlib.stateram_inference(i=8)
Compiling module xil_defaultlib.stateram_inference(i=9)
Compiling module xil_defaultlib.stateram_inference(i=10)
Compiling module xil_defaultlib.stateram_inference(i=11)
Compiling module xil_defaultlib.stateram_inference(i=12)
Compiling module xil_defaultlib.stateram_inference(i=13)
Compiling module xil_defaultlib.stateram_inference(i=14)
Compiling module xil_defaultlib.stateram_inference(i=15)
Compiling module xil_defaultlib.stateram_inference(i=16)
Compiling module xil_defaultlib.stateram_inference(i=17)
Compiling module xil_defaultlib.stateram_inference(i=18)
Compiling module xil_defaultlib.stateram_inference(i=19)
Compiling module xil_defaultlib.stateram_inference(i=20)
Compiling module xil_defaultlib.stateram_inference(i=21)
Compiling module xil_defaultlib.stateram_inference(i=22)
Compiling module xil_defaultlib.stateram_inference(i=23)
Compiling module xil_defaultlib.stateram_inference(i=24)
Compiling module xil_defaultlib.state_ram_default
Compiling module xil_defaultlib.data_path_default
Compiling module xil_defaultlib.keccak_top
Compiling module xil_defaultlib.poly_mult(MAX_WEIGHT=75,N=17669,...
Compiling module xil_defaultlib.hqc_kem_joint_design_default
Compiling module xil_defaultlib.HQC_wrapper
Compiling module xil_defaultlib.keygen_tb
Compiling module xil_defaultlib.glbl
Built simulation snapshot keygen_tb_behav
run_program: Time (s): cpu = 00:00:00 ; elapsed = 00:00:11 . Memory (MB): peak = 2305.543 ; gain = 0.000
INFO: [USF-XSim-69] 'elaborate' step finished in '11' seconds
INFO: [USF-XSim-4] XSim::Simulate design
INFO: [USF-XSim-61] Executing 'SIMULATE' step in 'C:/Users/THUAN/Downloads/project_1/project_1.sim/sim_1/behav/xsim'
INFO: [USF-XSim-98] *** Running xsim
   with args "keygen_tb_behav -key {Behavioral:sim_1:Functional:keygen_tb} -tclbatch {keygen_tb.tcl} -log {simulate.log}"
INFO: [USF-XSim-8] Loading simulator feature
Time resolution is 1 ps
source keygen_tb.tcl
# set curr_wave [current_wave_config]
# if { [string length $curr_wave] == 0 } {
#   if { [llength [get_objects]] > 0} {
#     add_wave /
#     set_property needs_save false [current_wave_config]
#   } else {
#      send_msg_id Add_Wave-1 WARNING "No top level signals found. Simulator will start without a wave window. If you want to open a wave window go to 'File->New Waveform Configuration' or type 'create_wave_config' in the TCL console."
#   }
# }
# run 1000ns
=== STARTING TESTBENCH (INTERNAL DUMP MODE) ===
--- [TB] Step 1: Resetting Core ---
--- [TB] Step 2: Loading Seeds via AXI ---
--- [TB] Loading SK & PK Seeds ---
--- [TB] SK Seed Loaded. Loading PK Seed... ---
--- [TB] Step 3: Triggering Start ---
INFO: [USF-XSim-96] XSim completed. Design snapshot 'keygen_tb_behav' loaded.
INFO: [USF-XSim-97] XSim simulation ran for 1000ns
launch_simulation: Time (s): cpu = 00:00:04 ; elapsed = 00:00:15 . Memory (MB): peak = 2369.934 ; gain = 65.559
update_compile_order -fileset sim_1
run all
--- [TB] Step 4: Polling for Done Status ---
--- [TB] CORE DONE DETECTED! (After 1401 cycles) ---
--- [TB] Step 5: Dumping Internal Memory to .in Files ---
--- [TB] Step 6: Reading Data via Interface (Frontdoor) ---
--- [TB] Reading S via AXI Interface ---
--- [TB] Reading X via AXI Interface ---
--- [TB] Reading Y via AXI Interface ---
$finish called at time : 203430 ns : File "C:/Users/THUAN/Downloads/new/keygen_tb.v" Line 405
close_sim
INFO: [Simtcl 6-16] Simulation closed
set_property top encap_tb_fd [get_filesets sim_1]
set_property top_lib xil_defaultlib [get_filesets sim_1]
update_compile_order -fileset sim_1
launch_simulation
Command: launch_simulation 
INFO: [Vivado 12-12493] Simulation top is 'encap_tb_fd'
WARNING: [Vivado 12-13340] Unable to auto find GCC executables from simulator install path! (path not set)
WARNING: [Vivado 12-13277] Compiled library path does not exist: ''
INFO: [Vivado 12-5682] Launching behavioral simulation in 'C:/Users/THUAN/Downloads/project_1/project_1.sim/sim_1/behav/xsim'
INFO: [SIM-utils-51] Simulation object is 'sim_1'
INFO: [SIM-utils-72] Using boost library from 'D:/Apps/Xilinx/Vivado/2022.2/tps/boost_1_72_0'
INFO: [USF-XSim-7] Finding pre-compiled libraries...
INFO: [USF-XSim-11] File 'D:/Apps/Xilinx/Vivado/2022.2/data/xsim/xsim.ini' copied to run dir:'C:/Users/THUAN/Downloads/project_1/project_1.sim/sim_1/behav/xsim'
INFO: [SIM-utils-54] Inspecting design source files for 'encap_tb_fd' in fileset 'sim_1'...
INFO: [SIM-utils-43] Exported 'C:/Users/THUAN/Downloads/project_1/project_1.sim/sim_1/behav/xsim/barrett_hqc_192.mem'
INFO: [SIM-utils-43] Exported 'C:/Users/THUAN/Downloads/project_1/project_1.sim/sim_1/behav/xsim/barrett_hqc_128.mem'
INFO: [SIM-utils-43] Exported 'C:/Users/THUAN/Downloads/project_1/project_1.sim/sim_1/behav/xsim/barrett_hqc_256.mem'
INFO: [USF-XSim-97] Finding global include files...
INFO: [USF-XSim-98] Fetching design files from 'sim_1'...
INFO: [USF-XSim-2] XSim::Compile design
INFO: [USF-XSim-61] Executing 'COMPILE and ANALYZE' step in 'C:/Users/THUAN/Downloads/project_1/project_1.sim/sim_1/behav/xsim'
"xvlog --incr --relax -prj encap_tb_fd_vlog.prj"
INFO: [USF-XSim-69] 'compile' step finished in '1' seconds
INFO: [USF-XSim-3] XSim::Elaborate design
INFO: [USF-XSim-61] Executing 'ELABORATE' step in 'C:/Users/THUAN/Downloads/project_1/project_1.sim/sim_1/behav/xsim'
"xelab --incr --debug typical --relax --mt 2 -L xil_defaultlib -L unisims_ver -L unimacro_ver -L secureip -L xpm --snapshot encap_tb_fd_behav xil_defaultlib.encap_tb_fd xil_defaultlib.glbl -log elaborate.log"
Vivado Simulator v2022.2
Copyright 1986-1999, 2001-2022 Xilinx, Inc. All Rights Reserved.
Running: D:/Apps/Xilinx/Vivado/2022.2/bin/unwrapped/win64.o/xelab.exe --incr --debug typical --relax --mt 2 -L xil_defaultlib -L unisims_ver -L unimacro_ver -L secureip -L xpm --snapshot encap_tb_fd_behav xil_defaultlib.encap_tb_fd xil_defaultlib.glbl -log elaborate.log 
Using 2 slave threads.
Starting static elaboration
Pass Through NonSizing Optimizer
ERROR: [VRFC 10-2991] 'POLY_MULT' is not declared under prefix 'ENCRYPT' [C:/Users/THUAN/Downloads/new/encap_tb_fd.v:169]
ERROR: [VRFC 10-2991] 'POLY_MULT' is not declared under prefix 'ENCRYPT' [C:/Users/THUAN/Downloads/new/encap_tb_fd.v:176]
ERROR: [VRFC 10-2991] 'POLY_MULT' is not declared under prefix 'ENCRYPT' [C:/Users/THUAN/Downloads/new/encap_tb_fd.v:183]
ERROR: [XSIM 43-3322] Static elaboration of top level Verilog design unit(s) in library work failed.
INFO: [USF-XSim-69] 'elaborate' step finished in '2' seconds
INFO: [USF-XSim-99] Step results log file:'C:/Users/THUAN/Downloads/project_1/project_1.sim/sim_1/behav/xsim/elaborate.log'
ERROR: [USF-XSim-62] 'elaborate' step failed with error(s). Please check the Tcl console output or 'C:/Users/THUAN/Downloads/project_1/project_1.sim/sim_1/behav/xsim/elaborate.log' file for more information.
ERROR: [Vivado 12-4473] Detected error while running simulation. Please correct the issue and retry this operation.
ERROR: [Common 17-39] 'launch_simulation' failed due to earlier errors.
launch_simulation
Command: launch_simulation 
INFO: [Vivado 12-12493] Simulation top is 'encap_tb_fd'
WARNING: [Vivado 12-13340] Unable to auto find GCC executables from simulator install path! (path not set)
WARNING: [Vivado 12-13277] Compiled library path does not exist: ''
INFO: [Vivado 12-5682] Launching behavioral simulation in 'C:/Users/THUAN/Downloads/project_1/project_1.sim/sim_1/behav/xsim'
INFO: [SIM-utils-51] Simulation object is 'sim_1'
INFO: [SIM-utils-72] Using boost library from 'D:/Apps/Xilinx/Vivado/2022.2/tps/boost_1_72_0'
INFO: [USF-XSim-7] Finding pre-compiled libraries...
INFO: [USF-XSim-11] File 'D:/Apps/Xilinx/Vivado/2022.2/data/xsim/xsim.ini' copied to run dir:'C:/Users/THUAN/Downloads/project_1/project_1.sim/sim_1/behav/xsim'
INFO: [SIM-utils-54] Inspecting design source files for 'encap_tb_fd' in fileset 'sim_1'...
INFO: [SIM-utils-43] Exported 'C:/Users/THUAN/Downloads/project_1/project_1.sim/sim_1/behav/xsim/barrett_hqc_192.mem'
INFO: [SIM-utils-43] Exported 'C:/Users/THUAN/Downloads/project_1/project_1.sim/sim_1/behav/xsim/barrett_hqc_128.mem'
INFO: [SIM-utils-43] Exported 'C:/Users/THUAN/Downloads/project_1/project_1.sim/sim_1/behav/xsim/barrett_hqc_256.mem'
INFO: [USF-XSim-97] Finding global include files...
INFO: [USF-XSim-98] Fetching design files from 'sim_1'...
INFO: [USF-XSim-2] XSim::Compile design
INFO: [USF-XSim-61] Executing 'COMPILE and ANALYZE' step in 'C:/Users/THUAN/Downloads/project_1/project_1.sim/sim_1/behav/xsim'
"xvlog --incr --relax -prj encap_tb_fd_vlog.prj"
INFO: [VRFC 10-2263] Analyzing Verilog file "C:/Users/THUAN/Downloads/new/HQC_wrapper.v" into library xil_defaultlib
INFO: [VRFC 10-311] analyzing module HQC_wrapper
INFO: [VRFC 10-2263] Analyzing Verilog file "C:/Users/THUAN/Downloads/new/add_fft.v" into library xil_defaultlib
INFO: [VRFC 10-311] analyzing module add_fft
INFO: [VRFC 10-2263] Analyzing Verilog file "C:/Users/THUAN/Downloads/new/barrett_red_gen.v" into library xil_defaultlib
INFO: [VRFC 10-311] analyzing module barrett_red_gen
INFO: [VRFC 10-2263] Analyzing Verilog file "C:/Users/THUAN/Downloads/new/cdw_xor_tmp.v" into library xil_defaultlib
INFO: [VRFC 10-311] analyzing module cdw_xor_tmp
INFO: [VRFC 10-2263] Analyzing Verilog file "C:/Users/THUAN/Downloads/new/concat_code.v" into library xil_defaultlib
INFO: [VRFC 10-311] analyzing module concat_code
INFO: [VRFC 10-2263] Analyzing Verilog file "C:/Users/THUAN/Downloads/new/control_path.v" into library xil_defaultlib
INFO: [VRFC 10-311] analyzing module control_path
INFO: [VRFC 10-2263] Analyzing Verilog file "C:/Users/THUAN/Downloads/new/data_path.v" into library xil_defaultlib
INFO: [VRFC 10-311] analyzing module data_path
INFO: [VRFC 10-2263] Analyzing Verilog file "C:/Users/THUAN/Downloads/new/decap.v" into library xil_defaultlib
INFO: [VRFC 10-311] analyzing module decap
INFO: [VRFC 10-2263] Analyzing Verilog file "C:/Users/THUAN/Downloads/new/decrypt.v" into library xil_defaultlib
INFO: [VRFC 10-311] analyzing module decrypt
INFO: [VRFC 10-2263] Analyzing Verilog file "C:/Users/THUAN/Downloads/new/encap.v" into library xil_defaultlib
INFO: [VRFC 10-311] analyzing module encap
INFO: [VRFC 10-2263] Analyzing Verilog file "C:/Users/THUAN/Downloads/new/encrypt.v" into library xil_defaultlib
INFO: [VRFC 10-311] analyzing module encrypt
INFO: [VRFC 10-2263] Analyzing Verilog file "C:/Users/THUAN/Downloads/new/encrypt_parallel.v" into library xil_defaultlib
INFO: [VRFC 10-311] analyzing module encrypt_parallel
INFO: [VRFC 10-2263] Analyzing Verilog file "C:/Users/THUAN/Downloads/new/fft_leaves_butterfly.v" into library xil_defaultlib
INFO: [VRFC 10-311] analyzing module fft_leaves_butterfly
INFO: [VRFC 10-2263] Analyzing Verilog file "C:/Users/THUAN/Downloads/new/fft_part1.v" into library xil_defaultlib
INFO: [VRFC 10-311] analyzing module fft_part1
INFO: [VRFC 10-2263] Analyzing Verilog file "C:/Users/THUAN/Downloads/new/fft_part2.v" into library xil_defaultlib
INFO: [VRFC 10-311] analyzing module fft_part2
INFO: [VRFC 10-311] analyzing module fft_part2_round
INFO: [VRFC 10-2263] Analyzing Verilog file "C:/Users/THUAN/Downloads/new/fft_retrieve_error_poly.v" into library xil_defaultlib
INFO: [VRFC 10-311] analyzing module fft_retrieve_error_poly
INFO: [VRFC 10-2263] Analyzing Verilog file "C:/Users/THUAN/Downloads/new/fixed_weight.v" into library xil_defaultlib
INFO: [VRFC 10-311] analyzing module fixed_weight
INFO: [VRFC 10-2263] Analyzing Verilog file "C:/Users/THUAN/Downloads/new/fixed_weight_ct.v" into library xil_defaultlib
INFO: [VRFC 10-311] analyzing module fixed_weight_ct
INFO: [VRFC 10-2263] Analyzing Verilog file "C:/Users/THUAN/Downloads/new/fixed_weight_cww.v" into library xil_defaultlib
INFO: [VRFC 10-311] analyzing module fixed_weight_cww
INFO: [VRFC 10-2263] Analyzing Verilog file "C:/Users/THUAN/Downloads/new/gf_mul.v" into library xil_defaultlib
INFO: [VRFC 10-311] analyzing module gf_mul
INFO: [VRFC 10-2263] Analyzing Verilog file "C:/Users/THUAN/Downloads/new/gfmul_00.v" into library xil_defaultlib
INFO: [VRFC 10-311] analyzing module gfmul_00
INFO: [VRFC 10-2263] Analyzing Verilog file "C:/Users/THUAN/Downloads/new/gfmul_01.v" into library xil_defaultlib
INFO: [VRFC 10-311] analyzing module gfmul_01
INFO: [VRFC 10-2263] Analyzing Verilog file "C:/Users/THUAN/Downloads/new/hqc_barrett_red.v" into library xil_defaultlib
INFO: [VRFC 10-311] analyzing module hqc_barrett_red
INFO: [VRFC 10-2263] Analyzing Verilog file "C:/Users/THUAN/Downloads/new/hqc_decod_top.v" into library xil_defaultlib
INFO: [VRFC 10-311] analyzing module hqc_decod_top
INFO: [VRFC 10-2263] Analyzing Verilog file "C:/Users/THUAN/Downloads/new/hqc_kem_joint_design.v" into library xil_defaultlib
INFO: [VRFC 10-311] analyzing module hqc_kem_joint_design
INFO: [VRFC 10-2263] Analyzing Verilog file "C:/Users/THUAN/Downloads/new/hqc_rmdecod_ctrl.v" into library xil_defaultlib
INFO: [VRFC 10-311] analyzing module hqc_rmdecod_ctrl
INFO: [VRFC 10-2263] Analyzing Verilog file "C:/Users/THUAN/Downloads/new/hqc_rmdecod_expnsum.v" into library xil_defaultlib
INFO: [VRFC 10-311] analyzing module hqc_rmdecod_expnsum
INFO: [VRFC 10-2263] Analyzing Verilog file "C:/Users/THUAN/Downloads/new/hqc_rmdecod_findpeaks.v" into library xil_defaultlib
INFO: [VRFC 10-311] analyzing module hqc_rmdecod_findpeaks
INFO: [VRFC 10-311] analyzing module findpeaks_core
INFO: [VRFC 10-2263] Analyzing Verilog file "C:/Users/THUAN/Downloads/new/hqc_rmdecod_hadamard.v" into library xil_defaultlib
INFO: [VRFC 10-311] analyzing module hqc_rmdecod_hadamard
INFO: [VRFC 10-311] analyzing module hadamard_layer
INFO: [VRFC 10-2263] Analyzing Verilog file "C:/Users/THUAN/Downloads/new/hqc_rmdecod_top.v" into library xil_defaultlib
INFO: [VRFC 10-311] analyzing module hqc_rmdecod_top
INFO: [VRFC 10-2263] Analyzing Verilog file "C:/Users/THUAN/Downloads/new/hqc_rsdecod_elp.v" into library xil_defaultlib
INFO: [VRFC 10-311] analyzing module hqc_rsdecod_elp
INFO: [VRFC 10-2263] Analyzing Verilog file "C:/Users/THUAN/Downloads/new/hqc_rsdecod_err_val.v" into library xil_defaultlib
INFO: [VRFC 10-311] analyzing module hqc_rsdecod_err_val
INFO: [VRFC 10-2263] Analyzing Verilog file "C:/Users/THUAN/Downloads/new/hqc_rsdecod_roots.v" into library xil_defaultlib
INFO: [VRFC 10-311] analyzing module hqc_rsdecod_roots
INFO: [VRFC 10-2263] Analyzing Verilog file "C:/Users/THUAN/Downloads/new/hqc_rsdecod_syndromes.v" into library xil_defaultlib
INFO: [VRFC 10-311] analyzing module hqc_rsdecod_syndromes
INFO: [VRFC 10-2263] Analyzing Verilog file "C:/Users/THUAN/Downloads/new/hqc_rsdecod_top.v" into library xil_defaultlib
INFO: [VRFC 10-311] analyzing module hqc_rsdecod_top
INFO: [VRFC 10-2263] Analyzing Verilog file "C:/Users/THUAN/Downloads/new/hqc_rsdecod_zpoly.v" into library xil_defaultlib
INFO: [VRFC 10-311] analyzing module hqc_rsdecod_zpoly
INFO: [VRFC 10-2263] Analyzing Verilog file "C:/Users/THUAN/Downloads/new/karatsuba_small.v" into library xil_defaultlib
INFO: [VRFC 10-311] analyzing module karatsuba_small
INFO: [VRFC 10-2263] Analyzing Verilog file "C:/Users/THUAN/Downloads/new/keccak_top.v" into library xil_defaultlib
INFO: [VRFC 10-311] analyzing module keccak_top
INFO: [VRFC 10-2263] Analyzing Verilog file "C:/Users/THUAN/Downloads/new/keygen.v" into library xil_defaultlib
INFO: [VRFC 10-311] analyzing module keygen
INFO: [VRFC 10-2263] Analyzing Verilog file "C:/Users/THUAN/Downloads/new/loc_based_adder.v" into library xil_defaultlib
INFO: [VRFC 10-311] analyzing module loc_based_adder
INFO: [VRFC 10-2263] Analyzing Verilog file "C:/Users/THUAN/Downloads/new/mem_dual.v" into library xil_defaultlib
INFO: [VRFC 10-311] analyzing module mem_dual
INFO: [VRFC 10-2263] Analyzing Verilog file "C:/Users/THUAN/Downloads/new/mem_single.v" into library xil_defaultlib
INFO: [VRFC 10-311] analyzing module mem_single
INFO: [VRFC 10-2263] Analyzing Verilog file "C:/Users/THUAN/Downloads/new/mod34.v" into library xil_defaultlib
INFO: [VRFC 10-311] analyzing module mod34
INFO: [VRFC 10-2263] Analyzing Verilog file "C:/Users/THUAN/Downloads/new/onegen.v" into library xil_defaultlib
INFO: [VRFC 10-311] analyzing module onegen
INFO: [VRFC 10-2263] Analyzing Verilog file "C:/Users/THUAN/Downloads/new/onegen_ct.v" into library xil_defaultlib
INFO: [VRFC 10-311] analyzing module onegen_ct
INFO: [VRFC 10-2263] Analyzing Verilog file "C:/Users/THUAN/Downloads/new/poly_mult.v" into library xil_defaultlib
INFO: [VRFC 10-311] analyzing module poly_mult
INFO: [VRFC 10-2263] Analyzing Verilog file "C:/Users/THUAN/Downloads/new/rc.v" into library xil_defaultlib
INFO: [VRFC 10-311] analyzing module rc
INFO: [VRFC 10-2263] Analyzing Verilog file "C:/Users/THUAN/Downloads/new/reed_muller_encode.v" into library xil_defaultlib
INFO: [VRFC 10-311] analyzing module reed_muller_encode
INFO: [VRFC 10-2263] Analyzing Verilog file "C:/Users/THUAN/Downloads/new/reed_solomon_encode.v" into library xil_defaultlib
INFO: [VRFC 10-311] analyzing module reed_solomon_encode
INFO: [VRFC 10-2263] Analyzing Verilog file "C:/Users/THUAN/Downloads/new/rm_encoder.v" into library xil_defaultlib
INFO: [VRFC 10-311] analyzing module rm_encoder
INFO: [VRFC 10-2263] Analyzing Verilog file "C:/Users/THUAN/Downloads/new/state_ram.v" into library xil_defaultlib
INFO: [VRFC 10-311] analyzing module state_ram
INFO: [VRFC 10-2263] Analyzing Verilog file "C:/Users/THUAN/Downloads/new/stateram_inference.v" into library xil_defaultlib
INFO: [VRFC 10-311] analyzing module stateram_inference
INFO: [VRFC 10-2263] Analyzing Verilog file "C:/Users/THUAN/Downloads/new/syncfifo.v" into library xil_defaultlib
INFO: [VRFC 10-311] analyzing module syncfifo
INFO: [VRFC 10-2263] Analyzing Verilog file "C:/Users/THUAN/Downloads/new/transform.v" into library xil_defaultlib
INFO: [VRFC 10-311] analyzing module transform
INFO: [VRFC 10-2263] Analyzing Verilog file "C:/Users/THUAN/Downloads/new/v_minus_uy.v" into library xil_defaultlib
INFO: [VRFC 10-311] analyzing module v_minus_uy
INFO: [VRFC 10-2263] Analyzing Verilog file "C:/Users/THUAN/Downloads/new/vect_set_random.v" into library xil_defaultlib
INFO: [VRFC 10-311] analyzing module vect_set_random
INFO: [VRFC 10-2263] Analyzing Verilog file "C:/Users/THUAN/Downloads/new/xor_based_adder.v" into library xil_defaultlib
INFO: [VRFC 10-311] analyzing module xor_based_adder
INFO: [VRFC 10-2263] Analyzing Verilog file "C:/Users/THUAN/Downloads/new/encap_tb_fd.v" into library xil_defaultlib
INFO: [VRFC 10-311] analyzing module encap_tb_fd
run_program: Time (s): cpu = 00:00:01 ; elapsed = 00:00:06 . Memory (MB): peak = 2375.180 ; gain = 0.000
INFO: [USF-XSim-69] 'compile' step finished in '6' seconds
INFO: [USF-XSim-3] XSim::Elaborate design
INFO: [USF-XSim-61] Executing 'ELABORATE' step in 'C:/Users/THUAN/Downloads/project_1/project_1.sim/sim_1/behav/xsim'
"xelab --incr --debug typical --relax --mt 2 -L xil_defaultlib -L unisims_ver -L unimacro_ver -L secureip -L xpm --snapshot encap_tb_fd_behav xil_defaultlib.encap_tb_fd xil_defaultlib.glbl -log elaborate.log"
Vivado Simulator v2022.2
Copyright 1986-1999, 2001-2022 Xilinx, Inc. All Rights Reserved.
Running: D:/Apps/Xilinx/Vivado/2022.2/bin/unwrapped/win64.o/xelab.exe --incr --debug typical --relax --mt 2 -L xil_defaultlib -L unisims_ver -L unimacro_ver -L secureip -L xpm --snapshot encap_tb_fd_behav xil_defaultlib.encap_tb_fd xil_defaultlib.glbl -log elaborate.log 
Using 2 slave threads.
Starting static elaboration
Pass Through NonSizing Optimizer
ERROR: [VRFC 10-2991] 'POLY_MULT' is not declared under prefix 'genblk1' [C:/Users/THUAN/Downloads/new/encap_tb_fd.v:169]
ERROR: [VRFC 10-2991] 'POLY_MULT' is not declared under prefix 'genblk1' [C:/Users/THUAN/Downloads/new/encap_tb_fd.v:176]
ERROR: [VRFC 10-2991] 'POLY_MULT' is not declared under prefix 'genblk1' [C:/Users/THUAN/Downloads/new/encap_tb_fd.v:183]
ERROR: [XSIM 43-3322] Static elaboration of top level Verilog design unit(s) in library work failed.
INFO: [USF-XSim-69] 'elaborate' step finished in '2' seconds
INFO: [USF-XSim-99] Step results log file:'C:/Users/THUAN/Downloads/project_1/project_1.sim/sim_1/behav/xsim/elaborate.log'
ERROR: [USF-XSim-62] 'elaborate' step failed with error(s). Please check the Tcl console output or 'C:/Users/THUAN/Downloads/project_1/project_1.sim/sim_1/behav/xsim/elaborate.log' file for more information.
ERROR: [Vivado 12-4473] Detected error while running simulation. Please correct the issue and retry this operation.
launch_simulation: Time (s): cpu = 00:00:02 ; elapsed = 00:00:08 . Memory (MB): peak = 2375.180 ; gain = 0.000
ERROR: [Common 17-39] 'launch_simulation' failed due to earlier errors.
launch_simulation
Command: launch_simulation 
INFO: [Vivado 12-12493] Simulation top is 'encap_tb_fd'
WARNING: [Vivado 12-13340] Unable to auto find GCC executables from simulator install path! (path not set)
WARNING: [Vivado 12-13277] Compiled library path does not exist: ''
INFO: [Vivado 12-5682] Launching behavioral simulation in 'C:/Users/THUAN/Downloads/project_1/project_1.sim/sim_1/behav/xsim'
INFO: [SIM-utils-51] Simulation object is 'sim_1'
INFO: [SIM-utils-72] Using boost library from 'D:/Apps/Xilinx/Vivado/2022.2/tps/boost_1_72_0'
INFO: [USF-XSim-7] Finding pre-compiled libraries...
INFO: [USF-XSim-11] File 'D:/Apps/Xilinx/Vivado/2022.2/data/xsim/xsim.ini' copied to run dir:'C:/Users/THUAN/Downloads/project_1/project_1.sim/sim_1/behav/xsim'
INFO: [SIM-utils-54] Inspecting design source files for 'encap_tb_fd' in fileset 'sim_1'...
INFO: [SIM-utils-43] Exported 'C:/Users/THUAN/Downloads/project_1/project_1.sim/sim_1/behav/xsim/barrett_hqc_192.mem'
INFO: [SIM-utils-43] Exported 'C:/Users/THUAN/Downloads/project_1/project_1.sim/sim_1/behav/xsim/barrett_hqc_128.mem'
INFO: [SIM-utils-43] Exported 'C:/Users/THUAN/Downloads/project_1/project_1.sim/sim_1/behav/xsim/barrett_hqc_256.mem'
INFO: [USF-XSim-97] Finding global include files...
INFO: [USF-XSim-98] Fetching design files from 'sim_1'...
INFO: [USF-XSim-2] XSim::Compile design
INFO: [USF-XSim-61] Executing 'COMPILE and ANALYZE' step in 'C:/Users/THUAN/Downloads/project_1/project_1.sim/sim_1/behav/xsim'
"xvlog --incr --relax -prj encap_tb_fd_vlog.prj"
INFO: [VRFC 10-2263] Analyzing Verilog file "C:/Users/THUAN/Downloads/new/HQC_wrapper.v" into library xil_defaultlib
INFO: [VRFC 10-311] analyzing module HQC_wrapper
INFO: [VRFC 10-2263] Analyzing Verilog file "C:/Users/THUAN/Downloads/new/add_fft.v" into library xil_defaultlib
INFO: [VRFC 10-311] analyzing module add_fft
INFO: [VRFC 10-2263] Analyzing Verilog file "C:/Users/THUAN/Downloads/new/barrett_red_gen.v" into library xil_defaultlib
INFO: [VRFC 10-311] analyzing module barrett_red_gen
INFO: [VRFC 10-2263] Analyzing Verilog file "C:/Users/THUAN/Downloads/new/cdw_xor_tmp.v" into library xil_defaultlib
INFO: [VRFC 10-311] analyzing module cdw_xor_tmp
INFO: [VRFC 10-2263] Analyzing Verilog file "C:/Users/THUAN/Downloads/new/concat_code.v" into library xil_defaultlib
INFO: [VRFC 10-311] analyzing module concat_code
INFO: [VRFC 10-2263] Analyzing Verilog file "C:/Users/THUAN/Downloads/new/control_path.v" into library xil_defaultlib
INFO: [VRFC 10-311] analyzing module control_path
INFO: [VRFC 10-2263] Analyzing Verilog file "C:/Users/THUAN/Downloads/new/data_path.v" into library xil_defaultlib
INFO: [VRFC 10-311] analyzing module data_path
INFO: [VRFC 10-2263] Analyzing Verilog file "C:/Users/THUAN/Downloads/new/decap.v" into library xil_defaultlib
INFO: [VRFC 10-311] analyzing module decap
INFO: [VRFC 10-2263] Analyzing Verilog file "C:/Users/THUAN/Downloads/new/decrypt.v" into library xil_defaultlib
INFO: [VRFC 10-311] analyzing module decrypt
INFO: [VRFC 10-2263] Analyzing Verilog file "C:/Users/THUAN/Downloads/new/encap.v" into library xil_defaultlib
INFO: [VRFC 10-311] analyzing module encap
INFO: [VRFC 10-2263] Analyzing Verilog file "C:/Users/THUAN/Downloads/new/encrypt.v" into library xil_defaultlib
INFO: [VRFC 10-311] analyzing module encrypt
INFO: [VRFC 10-2263] Analyzing Verilog file "C:/Users/THUAN/Downloads/new/encrypt_parallel.v" into library xil_defaultlib
INFO: [VRFC 10-311] analyzing module encrypt_parallel
INFO: [VRFC 10-2263] Analyzing Verilog file "C:/Users/THUAN/Downloads/new/fft_leaves_butterfly.v" into library xil_defaultlib
INFO: [VRFC 10-311] analyzing module fft_leaves_butterfly
INFO: [VRFC 10-2263] Analyzing Verilog file "C:/Users/THUAN/Downloads/new/fft_part1.v" into library xil_defaultlib
INFO: [VRFC 10-311] analyzing module fft_part1
INFO: [VRFC 10-2263] Analyzing Verilog file "C:/Users/THUAN/Downloads/new/fft_part2.v" into library xil_defaultlib
INFO: [VRFC 10-311] analyzing module fft_part2
INFO: [VRFC 10-311] analyzing module fft_part2_round
INFO: [VRFC 10-2263] Analyzing Verilog file "C:/Users/THUAN/Downloads/new/fft_retrieve_error_poly.v" into library xil_defaultlib
INFO: [VRFC 10-311] analyzing module fft_retrieve_error_poly
INFO: [VRFC 10-2263] Analyzing Verilog file "C:/Users/THUAN/Downloads/new/fixed_weight.v" into library xil_defaultlib
INFO: [VRFC 10-311] analyzing module fixed_weight
INFO: [VRFC 10-2263] Analyzing Verilog file "C:/Users/THUAN/Downloads/new/fixed_weight_ct.v" into library xil_defaultlib
INFO: [VRFC 10-311] analyzing module fixed_weight_ct
INFO: [VRFC 10-2263] Analyzing Verilog file "C:/Users/THUAN/Downloads/new/fixed_weight_cww.v" into library xil_defaultlib
INFO: [VRFC 10-311] analyzing module fixed_weight_cww
INFO: [VRFC 10-2263] Analyzing Verilog file "C:/Users/THUAN/Downloads/new/gf_mul.v" into library xil_defaultlib
INFO: [VRFC 10-311] analyzing module gf_mul
INFO: [VRFC 10-2263] Analyzing Verilog file "C:/Users/THUAN/Downloads/new/gfmul_00.v" into library xil_defaultlib
INFO: [VRFC 10-311] analyzing module gfmul_00
INFO: [VRFC 10-2263] Analyzing Verilog file "C:/Users/THUAN/Downloads/new/gfmul_01.v" into library xil_defaultlib
INFO: [VRFC 10-311] analyzing module gfmul_01
INFO: [VRFC 10-2263] Analyzing Verilog file "C:/Users/THUAN/Downloads/new/hqc_barrett_red.v" into library xil_defaultlib
INFO: [VRFC 10-311] analyzing module hqc_barrett_red
INFO: [VRFC 10-2263] Analyzing Verilog file "C:/Users/THUAN/Downloads/new/hqc_decod_top.v" into library xil_defaultlib
INFO: [VRFC 10-311] analyzing module hqc_decod_top
INFO: [VRFC 10-2263] Analyzing Verilog file "C:/Users/THUAN/Downloads/new/hqc_kem_joint_design.v" into library xil_defaultlib
INFO: [VRFC 10-311] analyzing module hqc_kem_joint_design
INFO: [VRFC 10-2263] Analyzing Verilog file "C:/Users/THUAN/Downloads/new/hqc_rmdecod_ctrl.v" into library xil_defaultlib
INFO: [VRFC 10-311] analyzing module hqc_rmdecod_ctrl
INFO: [VRFC 10-2263] Analyzing Verilog file "C:/Users/THUAN/Downloads/new/hqc_rmdecod_expnsum.v" into library xil_defaultlib
INFO: [VRFC 10-311] analyzing module hqc_rmdecod_expnsum
INFO: [VRFC 10-2263] Analyzing Verilog file "C:/Users/THUAN/Downloads/new/hqc_rmdecod_findpeaks.v" into library xil_defaultlib
INFO: [VRFC 10-311] analyzing module hqc_rmdecod_findpeaks
INFO: [VRFC 10-311] analyzing module findpeaks_core
INFO: [VRFC 10-2263] Analyzing Verilog file "C:/Users/THUAN/Downloads/new/hqc_rmdecod_hadamard.v" into library xil_defaultlib
INFO: [VRFC 10-311] analyzing module hqc_rmdecod_hadamard
INFO: [VRFC 10-311] analyzing module hadamard_layer
INFO: [VRFC 10-2263] Analyzing Verilog file "C:/Users/THUAN/Downloads/new/hqc_rmdecod_top.v" into library xil_defaultlib
INFO: [VRFC 10-311] analyzing module hqc_rmdecod_top
INFO: [VRFC 10-2263] Analyzing Verilog file "C:/Users/THUAN/Downloads/new/hqc_rsdecod_elp.v" into library xil_defaultlib
INFO: [VRFC 10-311] analyzing module hqc_rsdecod_elp
INFO: [VRFC 10-2263] Analyzing Verilog file "C:/Users/THUAN/Downloads/new/hqc_rsdecod_err_val.v" into library xil_defaultlib
INFO: [VRFC 10-311] analyzing module hqc_rsdecod_err_val
INFO: [VRFC 10-2263] Analyzing Verilog file "C:/Users/THUAN/Downloads/new/hqc_rsdecod_roots.v" into library xil_defaultlib
INFO: [VRFC 10-311] analyzing module hqc_rsdecod_roots
INFO: [VRFC 10-2263] Analyzing Verilog file "C:/Users/THUAN/Downloads/new/hqc_rsdecod_syndromes.v" into library xil_defaultlib
INFO: [VRFC 10-311] analyzing module hqc_rsdecod_syndromes
INFO: [VRFC 10-2263] Analyzing Verilog file "C:/Users/THUAN/Downloads/new/hqc_rsdecod_top.v" into library xil_defaultlib
INFO: [VRFC 10-311] analyzing module hqc_rsdecod_top
INFO: [VRFC 10-2263] Analyzing Verilog file "C:/Users/THUAN/Downloads/new/hqc_rsdecod_zpoly.v" into library xil_defaultlib
INFO: [VRFC 10-311] analyzing module hqc_rsdecod_zpoly
INFO: [VRFC 10-2263] Analyzing Verilog file "C:/Users/THUAN/Downloads/new/karatsuba_small.v" into library xil_defaultlib
INFO: [VRFC 10-311] analyzing module karatsuba_small
INFO: [VRFC 10-2263] Analyzing Verilog file "C:/Users/THUAN/Downloads/new/keccak_top.v" into library xil_defaultlib
INFO: [VRFC 10-311] analyzing module keccak_top
INFO: [VRFC 10-2263] Analyzing Verilog file "C:/Users/THUAN/Downloads/new/keygen.v" into library xil_defaultlib
INFO: [VRFC 10-311] analyzing module keygen
INFO: [VRFC 10-2263] Analyzing Verilog file "C:/Users/THUAN/Downloads/new/loc_based_adder.v" into library xil_defaultlib
INFO: [VRFC 10-311] analyzing module loc_based_adder
INFO: [VRFC 10-2263] Analyzing Verilog file "C:/Users/THUAN/Downloads/new/mem_dual.v" into library xil_defaultlib
INFO: [VRFC 10-311] analyzing module mem_dual
INFO: [VRFC 10-2263] Analyzing Verilog file "C:/Users/THUAN/Downloads/new/mem_single.v" into library xil_defaultlib
INFO: [VRFC 10-311] analyzing module mem_single
INFO: [VRFC 10-2263] Analyzing Verilog file "C:/Users/THUAN/Downloads/new/mod34.v" into library xil_defaultlib
INFO: [VRFC 10-311] analyzing module mod34
INFO: [VRFC 10-2263] Analyzing Verilog file "C:/Users/THUAN/Downloads/new/onegen.v" into library xil_defaultlib
INFO: [VRFC 10-311] analyzing module onegen
INFO: [VRFC 10-2263] Analyzing Verilog file "C:/Users/THUAN/Downloads/new/onegen_ct.v" into library xil_defaultlib
INFO: [VRFC 10-311] analyzing module onegen_ct
INFO: [VRFC 10-2263] Analyzing Verilog file "C:/Users/THUAN/Downloads/new/poly_mult.v" into library xil_defaultlib
INFO: [VRFC 10-311] analyzing module poly_mult
INFO: [VRFC 10-2263] Analyzing Verilog file "C:/Users/THUAN/Downloads/new/rc.v" into library xil_defaultlib
INFO: [VRFC 10-311] analyzing module rc
INFO: [VRFC 10-2263] Analyzing Verilog file "C:/Users/THUAN/Downloads/new/reed_muller_encode.v" into library xil_defaultlib
INFO: [VRFC 10-311] analyzing module reed_muller_encode
INFO: [VRFC 10-2263] Analyzing Verilog file "C:/Users/THUAN/Downloads/new/reed_solomon_encode.v" into library xil_defaultlib
INFO: [VRFC 10-311] analyzing module reed_solomon_encode
INFO: [VRFC 10-2263] Analyzing Verilog file "C:/Users/THUAN/Downloads/new/rm_encoder.v" into library xil_defaultlib
INFO: [VRFC 10-311] analyzing module rm_encoder
INFO: [VRFC 10-2263] Analyzing Verilog file "C:/Users/THUAN/Downloads/new/state_ram.v" into library xil_defaultlib
INFO: [VRFC 10-311] analyzing module state_ram
INFO: [VRFC 10-2263] Analyzing Verilog file "C:/Users/THUAN/Downloads/new/stateram_inference.v" into library xil_defaultlib
INFO: [VRFC 10-311] analyzing module stateram_inference
INFO: [VRFC 10-2263] Analyzing Verilog file "C:/Users/THUAN/Downloads/new/syncfifo.v" into library xil_defaultlib
INFO: [VRFC 10-311] analyzing module syncfifo
INFO: [VRFC 10-2263] Analyzing Verilog file "C:/Users/THUAN/Downloads/new/transform.v" into library xil_defaultlib
INFO: [VRFC 10-311] analyzing module transform
INFO: [VRFC 10-2263] Analyzing Verilog file "C:/Users/THUAN/Downloads/new/v_minus_uy.v" into library xil_defaultlib
INFO: [VRFC 10-311] analyzing module v_minus_uy
INFO: [VRFC 10-2263] Analyzing Verilog file "C:/Users/THUAN/Downloads/new/vect_set_random.v" into library xil_defaultlib
INFO: [VRFC 10-311] analyzing module vect_set_random
INFO: [VRFC 10-2263] Analyzing Verilog file "C:/Users/THUAN/Downloads/new/xor_based_adder.v" into library xil_defaultlib
INFO: [VRFC 10-311] analyzing module xor_based_adder
INFO: [VRFC 10-2263] Analyzing Verilog file "C:/Users/THUAN/Downloads/new/encap_tb_fd.v" into library xil_defaultlib
INFO: [VRFC 10-311] analyzing module encap_tb_fd
run_program: Time (s): cpu = 00:00:00 ; elapsed = 00:00:06 . Memory (MB): peak = 2375.180 ; gain = 0.000
INFO: [USF-XSim-69] 'compile' step finished in '5' seconds
INFO: [USF-XSim-3] XSim::Elaborate design
INFO: [USF-XSim-61] Executing 'ELABORATE' step in 'C:/Users/THUAN/Downloads/project_1/project_1.sim/sim_1/behav/xsim'
"xelab --incr --debug typical --relax --mt 2 -L xil_defaultlib -L unisims_ver -L unimacro_ver -L secureip -L xpm --snapshot encap_tb_fd_behav xil_defaultlib.encap_tb_fd xil_defaultlib.glbl -log elaborate.log"
Vivado Simulator v2022.2
Copyright 1986-1999, 2001-2022 Xilinx, Inc. All Rights Reserved.
Running: D:/Apps/Xilinx/Vivado/2022.2/bin/unwrapped/win64.o/xelab.exe --incr --debug typical --relax --mt 2 -L xil_defaultlib -L unisims_ver -L unimacro_ver -L secureip -L xpm --snapshot encap_tb_fd_behav xil_defaultlib.encap_tb_fd xil_defaultlib.glbl -log elaborate.log 
Using 2 slave threads.
Starting static elaboration
Pass Through NonSizing Optimizer
WARNING: [VRFC 10-3091] actual bit length 32 differs from formal bit length 16 for port 'gpio_ctrl' [C:/Users/THUAN/Downloads/new/encap_tb_fd.v:30]
Completed static elaboration
Starting simulation data flow analysis
Completed simulation data flow analysis
Time Resolution for simulation is 1ps
Compiling module xil_defaultlib.mem_dual(WIDTH=15,DEPTH=66)
Compiling module xil_defaultlib.mem_dual(WIDTH=32,DEPTH=16)
Compiling module xil_defaultlib.mem_dual(WIDTH=128,DEPTH=139)
Compiling module xil_defaultlib.mem_single(WIDTH=32,DEPTH=10)
Compiling module xil_defaultlib.mem_dual(WIDTH=24,DEPTH=264)
Compiling module xil_defaultlib.hqc_barrett_red_default
Compiling module xil_defaultlib.mem_single(WIDTH=15,DEPTH=66)
Compiling module xil_defaultlib.mem_dual(WIDTH=32,DEPTH=553)
Compiling module xil_defaultlib.onegen_ct(E0_DEPTH=553,DEPTH=553...
Compiling module xil_defaultlib.fixed_weight_ct(N=17669,M=15,WEI...
Compiling module xil_defaultlib.vect_set_random(N=17669)
Compiling module xil_defaultlib.loc_based_adder(WIDTH=128)
Compiling module xil_defaultlib.keygen(N=17669,CT_DESIGN=2'b01)
Compiling module xil_defaultlib.mem_single(WIDTH=32,DEPTH=4)
Compiling module xil_defaultlib.mem_single(WIDTH=32,DEPTH=16)
Compiling module xil_defaultlib.mem_dual(WIDTH=24,DEPTH=450)
Compiling module xil_defaultlib.mem_single(WIDTH=15,DEPTH=75)
Compiling module xil_defaultlib.onegen_ct(E0_DEPTH=553,DEPTH=553...
Compiling module xil_defaultlib.fixed_weight_ct(N=17669,M=15,WEI...
Compiling module xil_defaultlib.gf_mul_default
Compiling module xil_defaultlib.cdw_xor_tmp_default
Compiling module xil_defaultlib.reed_solomon_encode_default
Compiling module xil_defaultlib.rm_encoder
Compiling module xil_defaultlib.mem_single(WIDTH=128,DEPTH=46)
Compiling module xil_defaultlib.reed_muller_encode_default
Compiling module xil_defaultlib.concat_code(parameter_set="hqc12...
Compiling module xil_defaultlib.mem_single(WIDTH=128,DEPTH=139)
Compiling module xil_defaultlib.loc_based_adder(N=17669,WEIGHT=7...
Compiling module xil_defaultlib.xor_based_adder(parameter_set="h...
Compiling module xil_defaultlib.encrypt(CT_DESIGN=2'b01)
Compiling module xil_defaultlib.mod34
Compiling module xil_defaultlib.mem_single(WIDTH=32,DEPTH=1143)
Compiling module xil_defaultlib.encap_default
Compiling module xil_defaultlib.v_minus_uy(parameter_set="hqc128...
Compiling module xil_defaultlib.hqc_rmdecod_expnsum_default
Compiling module xil_defaultlib.syncfifo(DW=4,AW=5)
Compiling module xil_defaultlib.hadamard_layer_default
Compiling module xil_defaultlib.syncfifo(DW=5,AW=5)
Compiling module xil_defaultlib.hadamard_layer(NN=4)
Compiling module xil_defaultlib.syncfifo(DW=6,AW=5)
Compiling module xil_defaultlib.hadamard_layer(NN=5)
Compiling module xil_defaultlib.syncfifo(DW=7,AW=5)
Compiling module xil_defaultlib.hadamard_layer(NN=6)
Compiling module xil_defaultlib.syncfifo(DW=8,AW=5)
Compiling module xil_defaultlib.hadamard_layer(NN=7)
Compiling module xil_defaultlib.syncfifo(DW=9,AW=5)
Compiling module xil_defaultlib.hadamard_layer(NN=8)
Compiling module xil_defaultlib.syncfifo(DW=10,AW=5)
Compiling module xil_defaultlib.hadamard_layer(NN=9)
Compiling module xil_defaultlib.hqc_rmdecod_hadamard_default
Compiling module xil_defaultlib.findpeaks_core(DOUT_W=7)
Compiling module xil_defaultlib.hqc_rmdecod_findpeaks_default
Compiling module xil_defaultlib.hqc_rmdecod_ctrl_default
Compiling module xil_defaultlib.hqc_rmdecod_top_default
Compiling module xil_defaultlib.gfmul_01
Compiling module xil_defaultlib.hqc_rsdecod_syndromes_default
Compiling module xil_defaultlib.gfmul_00
Compiling module xil_defaultlib.hqc_rsdecod_elp_default
Compiling module xil_defaultlib.hqc_rsdecod_zpoly_default
Compiling module xil_defaultlib.fft_part1(DIN_W=256)
Compiling module xil_defaultlib.fft_leaves_butterfly
Compiling module xil_defaultlib.syncfifo(DW=8,AW=4)
Compiling module xil_defaultlib.fft_part2_round_default
Compiling module xil_defaultlib.fft_part2_round(ROUND=1)
Compiling module xil_defaultlib.syncfifo(DW=8,AW=6)
Compiling module xil_defaultlib.fft_part2_round(ROUND=2)
Compiling module xil_defaultlib.syncfifo(DW=8)
Compiling module xil_defaultlib.fft_part2_round(ROUND=3)
Compiling module xil_defaultlib.fft_part2_default
Compiling module xil_defaultlib.add_fft
Compiling module xil_defaultlib.fft_retrieve_error_poly_default
Compiling module xil_defaultlib.hqc_rsdecod_roots_default
Compiling module xil_defaultlib.hqc_rsdecod_err_val_default
Compiling module xil_defaultlib.hqc_rsdecod_top_default
Compiling module xil_defaultlib.hqc_decod_top_default
Compiling module xil_defaultlib.decrypt_default
Compiling module xil_defaultlib.decap_default
Compiling module xil_defaultlib.control_path
Compiling module xil_defaultlib.rc
Compiling module xil_defaultlib.transform
Compiling module xil_defaultlib.stateram_inference_default
Compiling module xil_defaultlib.stateram_inference(i=1)
Compiling module xil_defaultlib.stateram_inference(i=2)
Compiling module xil_defaultlib.stateram_inference(i=3)
Compiling module xil_defaultlib.stateram_inference(i=4)
Compiling module xil_defaultlib.stateram_inference(i=5)
Compiling module xil_defaultlib.stateram_inference(i=6)
Compiling module xil_defaultlib.stateram_inference(i=7)
Compiling module xil_defaultlib.stateram_inference(i=8)
Compiling module xil_defaultlib.stateram_inference(i=9)
Compiling module xil_defaultlib.stateram_inference(i=10)
Compiling module xil_defaultlib.stateram_inference(i=11)
Compiling module xil_defaultlib.stateram_inference(i=12)
Compiling module xil_defaultlib.stateram_inference(i=13)
Compiling module xil_defaultlib.stateram_inference(i=14)
Compiling module xil_defaultlib.stateram_inference(i=15)
Compiling module xil_defaultlib.stateram_inference(i=16)
Compiling module xil_defaultlib.stateram_inference(i=17)
Compiling module xil_defaultlib.stateram_inference(i=18)
Compiling module xil_defaultlib.stateram_inference(i=19)
Compiling module xil_defaultlib.stateram_inference(i=20)
Compiling module xil_defaultlib.stateram_inference(i=21)
Compiling module xil_defaultlib.stateram_inference(i=22)
Compiling module xil_defaultlib.stateram_inference(i=23)
Compiling module xil_defaultlib.stateram_inference(i=24)
Compiling module xil_defaultlib.state_ram_default
Compiling module xil_defaultlib.data_path_default
Compiling module xil_defaultlib.keccak_top
Compiling module xil_defaultlib.poly_mult(MAX_WEIGHT=75,N=17669,...
Compiling module xil_defaultlib.hqc_kem_joint_design_default
Compiling module xil_defaultlib.HQC_wrapper
Compiling module xil_defaultlib.encap_tb_fd
Compiling module xil_defaultlib.glbl
Built simulation snapshot encap_tb_fd_behav
run_program: Time (s): cpu = 00:00:01 ; elapsed = 00:00:09 . Memory (MB): peak = 2375.180 ; gain = 0.000
INFO: [USF-XSim-69] 'elaborate' step finished in '9' seconds
INFO: [USF-XSim-4] XSim::Simulate design
INFO: [USF-XSim-61] Executing 'SIMULATE' step in 'C:/Users/THUAN/Downloads/project_1/project_1.sim/sim_1/behav/xsim'
INFO: [USF-XSim-98] *** Running xsim
   with args "encap_tb_fd_behav -key {Behavioral:sim_1:Functional:encap_tb_fd} -tclbatch {encap_tb_fd.tcl} -log {simulate.log}"
INFO: [USF-XSim-8] Loading simulator feature
Time resolution is 1 ps
source encap_tb_fd.tcl
# set curr_wave [current_wave_config]
# if { [string length $curr_wave] == 0 } {
#   if { [llength [get_objects]] > 0} {
#     add_wave /
#     set_property needs_save false [current_wave_config]
#   } else {
#      send_msg_id Add_Wave-1 WARNING "No top level signals found. Simulator will start without a wave window. If you want to open a wave window go to 'File->New Waveform Configuration' or type 'create_wave_config' in the TCL console."
#   }
# }
# run 1000ns
=== STARTING ENCAP TB (FRONTDOOR + INTERNAL DUMP) ===
WARNING: File msg_128.in referenced on C:/Users/THUAN/Downloads/new/poly_mult.v at line 216 cannot be opened for reading. Please ensure that this file is available in the current working directory.
--- [TB] Loading RAM ID 0 (0=H, 1=S) ---
INFO: [USF-XSim-96] XSim completed. Design snapshot 'encap_tb_fd_behav' loaded.
INFO: [USF-XSim-97] XSim simulation ran for 1000ns
launch_simulation: Time (s): cpu = 00:00:05 ; elapsed = 00:00:18 . Memory (MB): peak = 2382.207 ; gain = 7.027
run all
--- [TB] Loading RAM ID 1 (0=H, 1=S) ---
--- [TB] Loading Message m (RAM_SEL=6)... ---
--- [TB] Triggering Encap Start ---
--- [TB] Polling for Done... ---
INFO: [Common 17-41] Interrupt caught. Command should exit soon.
run: Time (s): cpu = 00:00:08 ; elapsed = 00:00:22 . Memory (MB): peak = 2383.000 ; gain = 0.793
INFO: [Common 17-344] 'run' was cancelled
close_sim
INFO: xsimkernel Simulation Memory Usage: 24848 KB (Peak: 24848 KB), Simulation CPU Usage: 21218 ms
INFO: [Simtcl 6-16] Simulation closed
launch_simulation
Command: launch_simulation 
INFO: [Vivado 12-12493] Simulation top is 'encap_tb_fd'
WARNING: [Vivado 12-13340] Unable to auto find GCC executables from simulator install path! (path not set)
WARNING: [Vivado 12-13277] Compiled library path does not exist: ''
INFO: [Vivado 12-5682] Launching behavioral simulation in 'C:/Users/THUAN/Downloads/project_1/project_1.sim/sim_1/behav/xsim'
INFO: [SIM-utils-51] Simulation object is 'sim_1'
INFO: [SIM-utils-72] Using boost library from 'D:/Apps/Xilinx/Vivado/2022.2/tps/boost_1_72_0'
INFO: [USF-XSim-7] Finding pre-compiled libraries...
INFO: [USF-XSim-11] File 'D:/Apps/Xilinx/Vivado/2022.2/data/xsim/xsim.ini' copied to run dir:'C:/Users/THUAN/Downloads/project_1/project_1.sim/sim_1/behav/xsim'
INFO: [SIM-utils-54] Inspecting design source files for 'encap_tb_fd' in fileset 'sim_1'...
INFO: [SIM-utils-43] Exported 'C:/Users/THUAN/Downloads/project_1/project_1.sim/sim_1/behav/xsim/barrett_hqc_192.mem'
INFO: [SIM-utils-43] Exported 'C:/Users/THUAN/Downloads/project_1/project_1.sim/sim_1/behav/xsim/barrett_hqc_128.mem'
INFO: [SIM-utils-43] Exported 'C:/Users/THUAN/Downloads/project_1/project_1.sim/sim_1/behav/xsim/barrett_hqc_256.mem'
INFO: [USF-XSim-97] Finding global include files...
INFO: [USF-XSim-98] Fetching design files from 'sim_1'...
INFO: [USF-XSim-2] XSim::Compile design
INFO: [USF-XSim-61] Executing 'COMPILE and ANALYZE' step in 'C:/Users/THUAN/Downloads/project_1/project_1.sim/sim_1/behav/xsim'
"xvlog --incr --relax -prj encap_tb_fd_vlog.prj"
INFO: [USF-XSim-69] 'compile' step finished in '2' seconds
INFO: [USF-XSim-3] XSim::Elaborate design
INFO: [USF-XSim-61] Executing 'ELABORATE' step in 'C:/Users/THUAN/Downloads/project_1/project_1.sim/sim_1/behav/xsim'
"xelab --incr --debug typical --relax --mt 2 -L xil_defaultlib -L unisims_ver -L unimacro_ver -L secureip -L xpm --snapshot encap_tb_fd_behav xil_defaultlib.encap_tb_fd xil_defaultlib.glbl -log elaborate.log"
Vivado Simulator v2022.2
Copyright 1986-1999, 2001-2022 Xilinx, Inc. All Rights Reserved.
Running: D:/Apps/Xilinx/Vivado/2022.2/bin/unwrapped/win64.o/xelab.exe --incr --debug typical --relax --mt 2 -L xil_defaultlib -L unisims_ver -L unimacro_ver -L secureip -L xpm --snapshot encap_tb_fd_behav xil_defaultlib.encap_tb_fd xil_defaultlib.glbl -log elaborate.log 
Using 2 slave threads.
Starting static elaboration
Pass Through NonSizing Optimizer
WARNING: [VRFC 10-3091] actual bit length 32 differs from formal bit length 16 for port 'gpio_ctrl' [C:/Users/THUAN/Downloads/new/encap_tb_fd.v:30]
Completed static elaboration
INFO: [XSIM 43-4323] No Change in HDL. Linking previously generated obj files to create kernel
INFO: [USF-XSim-69] 'elaborate' step finished in '2' seconds
INFO: [USF-XSim-4] XSim::Simulate design
INFO: [USF-XSim-61] Executing 'SIMULATE' step in 'C:/Users/THUAN/Downloads/project_1/project_1.sim/sim_1/behav/xsim'
INFO: [USF-XSim-98] *** Running xsim
   with args "encap_tb_fd_behav -key {Behavioral:sim_1:Functional:encap_tb_fd} -tclbatch {encap_tb_fd.tcl} -log {simulate.log}"
INFO: [USF-XSim-8] Loading simulator feature
Time resolution is 1 ps
source encap_tb_fd.tcl
# set curr_wave [current_wave_config]
# if { [string length $curr_wave] == 0 } {
#   if { [llength [get_objects]] > 0} {
#     add_wave /
#     set_property needs_save false [current_wave_config]
#   } else {
#      send_msg_id Add_Wave-1 WARNING "No top level signals found. Simulator will start without a wave window. If you want to open a wave window go to 'File->New Waveform Configuration' or type 'create_wave_config' in the TCL console."
#   }
# }
# run 1000ns
=== STARTING ENCAP TB (FRONTDOOR + INTERNAL DUMP) ===
--- [TB] Loading RAM ID 0 (0=H, 1=S) ---
INFO: [USF-XSim-96] XSim completed. Design snapshot 'encap_tb_fd_behav' loaded.
INFO: [USF-XSim-97] XSim simulation ran for 1000ns
launch_simulation: Time (s): cpu = 00:00:03 ; elapsed = 00:00:06 . Memory (MB): peak = 2387.230 ; gain = 4.230
run all
--- [TB] Loading RAM ID 1 (0=H, 1=S) ---
--- [TB] Loading Message m (RAM_SEL=6)... ---
--- [TB] Triggering Encap Start ---
--- [TB] Polling for Done... ---
--- [TB] DONE DETECTED! (After 3098 cycles) ---
--- [TB] Writing Shared Secret to ss_output_128.out ---
--- [TB] Dumping D via PS Interface... ---
--- [TB] Dumping u, v, d to internal .in files ---
=== SUCCESS: ALL FILES WRITTEN ===
$finish called at time : 328380 ns : File "C:/Users/THUAN/Downloads/new/encap_tb_fd.v" Line 190
close_sim
INFO: [Simtcl 6-16] Simulation closed
exit
INFO: [Common 17-206] Exiting Vivado at Wed May  6 20:59:31 2026...
